Series_Title,Released_Year,Certificate,Runtime,Genre,IMDB_Rating,Meta_score,Director,Star1,No_of_Votes,Gross,Rating_100_Scale
The Shawshank Redemption,1994,A,142,Drama,9.3,80.0,Frank Darabont,Tim Robbins,2343110,28341469.0,93.0
The Godfather,1972,A,175,"Crime, Drama",9.2,100.0,Francis Ford Coppola,Marlon Brando,1620367,134966411.0,92.0
The Dark Knight,2008,UA,152,"Action, Crime, Drama",9.0,84.0,Christopher Nolan,Christian Bale,2303232,534858444.0,90.0
The Godfather: Part II,1974,A,202,"Crime, Drama",9.0,90.0,Francis Ford Coppola,Al Pacino,1129952,57300000.0,90.0
12 Angry Men,1957,U,96,"Crime, Drama",9.0,96.0,Sidney Lumet,Henry Fonda,689845,4360000.0,90.0
The Lord of the Rings: The Return of the King,2003,U,201,"Action, Adventure, Drama",8.9,94.0,Peter Jackson,Elijah Wood,1642758,377845905.0,89.0
Pulp Fiction,1994,A,154,"Crime, Drama",8.9,94.0,Quentin Tarantino,John Travolta,1826188,107928762.0,89.0
Schindler's List,1993,A,195,"Biography, Drama, History",8.9,94.0,Steven Spielberg,Liam Neeson,1213505,96898818.0,89.0
Inception,2010,UA,148,"Action, Adventure, Sci-Fi",8.8,74.0,Christopher Nolan,Leonardo DiCaprio,2067042,292576195.0,88.0
Fight Club,1999,A,139,Drama,8.8,66.0,David Fincher,Brad Pitt,1854740,37030102.0,88.0
The Lord of the Rings: The Fellowship of the Ring,2001,U,178,"Action, Adventure, Drama",8.8,92.0,Peter Jackson,Elijah Wood,1661481,315544750.0,88.0
Forrest Gump,1994,UA,142,"Drama, Romance",8.8,82.0,Robert Zemeckis,Tom Hanks,1809221,330252182.0,88.0
"Il buono, il brutto, il cattivo",1966,A,161,Western,8.8,90.0,Sergio Leone,Clint Eastwood,688390,6100000.0,88.0
The Lord of the Rings: The Two Towers,2002,UA,179,"Action, Adventure, Drama",8.7,87.0,Peter Jackson,Elijah Wood,1485555,342551365.0,87.0
The Matrix,1999,A,136,"Action, Sci-Fi",8.7,73.0,Lana Wachowski,Lilly Wachowski,1676426,171479930.0,87.0
Goodfellas,1990,A,146,"Biography, Crime, Drama",8.7,90.0,Martin Scorsese,Robert De Niro,1020727,46836394.0,87.0
Star Wars: Episode V - The Empire Strikes Back,1980,UA,124,"Action, Adventure, Fantasy",8.7,82.0,Irvin Kershner,Mark Hamill,1159315,290475067.0,87.0
One Flew Over the Cuckoo's Nest,1975,A,133,Drama,8.7,83.0,Milos Forman,Jack Nicholson,918088,112000000.0,87.0
Hamilton,2020,PG-13,160,"Biography, Drama, History",8.6,90.0,Thomas Kail,Lin-Manuel Miranda,55291,23457439.5,86.0
Gisaengchung,2019,A,132,"Comedy, Drama, Thriller",8.6,96.0,Bong Joon Ho,Kang-ho Song,552778,53367844.0,86.0
Interstellar,2014,UA,169,"Adventure, Drama, Sci-Fi",8.6,74.0,Christopher Nolan,Matthew McConaughey,1512360,188020017.0,86.0
Cidade de Deus,2002,A,130,"Crime, Drama",8.6,79.0,Fernando Meirelles,Kátia Lund,699256,7563397.0,86.0
Sen to Chihiro no kamikakushi,2001,U,125,"Animation, Adventure, Family",8.6,96.0,Hayao Miyazaki,Daveigh Chase,651376,10055859.0,86.0
Saving Private Ryan,1998,R,169,"Drama, War",8.6,91.0,Steven Spielberg,Tom Hanks,1235804,216540909.0,86.0
The Green Mile,1999,A,189,"Crime, Drama, Fantasy",8.6,61.0,Frank Darabont,Tom Hanks,1147794,136801374.0,86.0
La vita è bella,1997,U,116,"Comedy, Drama, Romance",8.6,59.0,Roberto Benigni,Roberto Benigni,623629,57598247.0,86.0
Se7en,1995,A,127,"Crime, Drama, Mystery",8.6,65.0,David Fincher,Morgan Freeman,1445096,100125643.0,86.0
The Silence of the Lambs,1991,A,118,"Crime, Drama, Thriller",8.6,85.0,Jonathan Demme,Jodie Foster,1270197,130742922.0,86.0
Star Wars,1977,UA,121,"Action, Adventure, Fantasy",8.6,90.0,George Lucas,Mark Hamill,1231473,322740140.0,86.0
Shichinin no samurai,1954,U,207,"Action, Adventure, Drama",8.6,98.0,Akira Kurosawa,Toshirô Mifune,315744,269061.0,86.0
It's a Wonderful Life,1946,PG,130,"Drama, Family, Fantasy",8.6,89.0,Frank Capra,James Stewart,405801,23457439.5,86.0
Joker,2019,A,122,"Crime, Drama, Thriller",8.5,59.0,Todd Phillips,Joaquin Phoenix,939252,335451311.0,85.0
Whiplash,2014,A,106,"Drama, Music",8.5,88.0,Damien Chazelle,Miles Teller,717585,13092000.0,85.0
The Intouchables,2011,UA,112,"Biography, Comedy, Drama",8.5,57.0,Olivier Nakache,Éric Toledano,760360,13182281.0,85.0
The Prestige,2006,U,130,"Drama, Mystery, Sci-Fi",8.5,66.0,Christopher Nolan,Christian Bale,1190259,53089891.0,85.0
The Departed,2006,A,151,"Crime, Drama, Thriller",8.5,85.0,Martin Scorsese,Leonardo DiCaprio,1189773,132384315.0,85.0
The Pianist,2002,R,150,"Biography, Drama, Music",8.5,85.0,Roman Polanski,Adrien Brody,729603,32572577.0,85.0
Gladiator,2000,UA,155,"Action, Adventure, Drama",8.5,67.0,Ridley Scott,Russell Crowe,1341460,187705427.0,85.0
American History X,1998,R,119,Drama,8.5,62.0,Tony Kaye,Edward Norton,1034705,6719864.0,85.0
The Usual Suspects,1995,A,106,"Crime, Mystery, Thriller",8.5,77.0,Bryan Singer,Kevin Spacey,991208,23341568.0,85.0
Léon,1994,A,110,"Action, Crime, Drama",8.5,64.0,Luc Besson,Jean Reno,1035236,19501238.0,85.0
The Lion King,1994,U,88,"Animation, Adventure, Drama",8.5,88.0,Roger Allers,Rob Minkoff,942045,422783777.0,85.0
Terminator 2: Judgment Day,1991,U,137,"Action, Sci-Fi",8.5,75.0,James Cameron,Arnold Schwarzenegger,995506,204843350.0,85.0
Nuovo Cinema Paradiso,1988,U,155,"Drama, Romance",8.5,80.0,Giuseppe Tornatore,Philippe Noiret,230763,11990401.0,85.0
Hotaru no haka,1988,U,89,"Animation, Drama, War",8.5,94.0,Isao Takahata,Tsutomu Tatsumi,235231,23457439.5,85.0
Back to the Future,1985,U,116,"Adventure, Comedy, Sci-Fi",8.5,87.0,Robert Zemeckis,Michael J. Fox,1058081,210609762.0,85.0
Once Upon a Time in the West,1968,U,165,Western,8.5,80.0,Sergio Leone,Henry Fonda,302844,5321508.0,85.0
Psycho,1960,A,109,"Horror, Mystery, Thriller",8.5,97.0,Alfred Hitchcock,Anthony Perkins,604211,32000000.0,85.0
Casablanca,1942,U,102,"Drama, Romance, War",8.5,100.0,Michael Curtiz,Humphrey Bogart,522093,1024560.0,85.0
Modern Times,1936,G,87,"Comedy, Drama, Family",8.5,96.0,Charles Chaplin,Charles Chaplin,217881,163245.0,85.0
City Lights,1931,G,87,"Comedy, Drama, Romance",8.5,99.0,Charles Chaplin,Charles Chaplin,167839,19181.0,85.0
Capharnaüm,2018,A,126,Drama,8.4,75.0,Nadine Labaki,Zain Al Rafeea,62635,1661096.0,84.0
Kimi no na wa.,2016,U,106,"Animation, Drama, Fantasy",8.4,79.0,Makoto Shinkai,Ryûnosuke Kamiki,194838,5017246.0,84.0
Spider-Man: Into the Spider-Verse,2018,U,117,"Animation, Action, Adventure",8.4,87.0,Bob Persichetti,Peter Ramsey,375110,190241310.0,84.0
Avengers: Endgame,2019,UA,181,"Action, Adventure, Drama",8.4,78.0,Anthony Russo,Joe Russo,809955,858373000.0,84.0
Avengers: Infinity War,2018,UA,149,"Action, Adventure, Sci-Fi",8.4,68.0,Anthony Russo,Joe Russo,834477,678815482.0,84.0
Coco,2017,U,105,"Animation, Adventure, Family",8.4,81.0,Lee Unkrich,Adrian Molina,384171,209726015.0,84.0
Django Unchained,2012,A,165,"Drama, Western",8.4,81.0,Quentin Tarantino,Jamie Foxx,1357682,162805434.0,84.0
The Dark Knight Rises,2012,UA,164,"Action, Adventure",8.4,78.0,Christopher Nolan,Christian Bale,1516346,448139099.0,84.0
3 Idiots,2009,UA,170,"Comedy, Drama",8.4,67.0,Rajkumar Hirani,Aamir Khan,344445,6532908.0,84.0
WALL·E,2008,U,98,"Animation, Adventure, Family",8.4,95.0,Andrew Stanton,Ben Burtt,999790,223808164.0,84.0
The Lives of Others,2006,A,137,"Drama, Mystery, Thriller",8.4,89.0,Florian Henckel von Donnersmarck,Ulrich Mühe,358685,11286112.0,84.0
Oldeuboi,2003,A,101,"Action, Drama, Mystery",8.4,77.0,Chan-wook Park,Choi Min-sik,515451,707481.0,84.0
Memento,2000,UA,113,"Mystery, Thriller",8.4,80.0,Christopher Nolan,Guy Pearce,1125712,25544867.0,84.0
Mononoke-hime,1997,U,134,"Animation, Action, Adventure",8.4,76.0,Hayao Miyazaki,Yôji Matsuda,343171,2375308.0,84.0
Raiders of the Lost Ark,1981,A,115,"Action, Adventure",8.4,85.0,Steven Spielberg,Harrison Ford,884112,248159971.0,84.0
The Shining,1980,A,146,"Drama, Horror",8.4,66.0,Stanley Kubrick,Jack Nicholson,898237,44017374.0,84.0
Apocalypse Now,1979,R,147,"Drama, Mystery, War",8.4,94.0,Francis Ford Coppola,Martin Sheen,606398,83471511.0,84.0
Alien,1979,R,117,"Horror, Sci-Fi",8.4,89.0,Ridley Scott,Sigourney Weaver,787806,78900000.0,84.0
Dr. Strangelove or: How I Learned to Stop Worrying and Love the Bomb,1964,A,95,Comedy,8.4,97.0,Stanley Kubrick,Peter Sellers,450474,275902.0,84.0
Paths of Glory,1957,A,88,"Drama, War",8.4,90.0,Stanley Kubrick,Kirk Douglas,178092,23457439.5,84.0
Rear Window,1954,U,112,"Mystery, Thriller",8.4,100.0,Alfred Hitchcock,James Stewart,444074,36764313.0,84.0
1917,2019,R,119,"Drama, Thriller, War",8.3,78.0,Sam Mendes,Dean-Charles Chapman,425844,159227644.0,83.0
Jagten,2012,R,115,Drama,8.3,77.0,Thomas Vinterberg,Mads Mikkelsen,281623,687185.0,83.0
Jodaeiye Nader az Simin,2011,PG-13,123,Drama,8.3,95.0,Asghar Farhadi,Payman Maadi,220002,7098492.0,83.0
Incendies,2010,R,131,"Drama, Mystery, War",8.3,80.0,Denis Villeneuve,Lubna Azabal,150023,6857096.0,83.0
Inglourious Basterds,2009,A,153,"Adventure, Drama, War",8.3,69.0,Quentin Tarantino,Brad Pitt,1267869,120540719.0,83.0
Eternal Sunshine of the Spotless Mind,2004,UA,108,"Drama, Romance, Sci-Fi",8.3,89.0,Michel Gondry,Jim Carrey,911664,34400301.0,83.0
Amélie,2001,U,122,"Comedy, Romance",8.3,69.0,Jean-Pierre Jeunet,Audrey Tautou,703810,33225499.0,83.0
Snatch,2000,UA,104,"Comedy, Crime",8.3,55.0,Guy Ritchie,Jason Statham,782001,30328156.0,83.0
Requiem for a Dream,2000,A,102,Drama,8.3,68.0,Darren Aronofsky,Ellen Burstyn,766870,3635482.0,83.0
American Beauty,1999,UA,122,Drama,8.3,84.0,Sam Mendes,Kevin Spacey,1069738,130096601.0,83.0
Good Will Hunting,1997,U,126,"Drama, Romance",8.3,70.0,Gus Van Sant,Robin Williams,861606,138433435.0,83.0
Bacheha-Ye aseman,1997,PG,89,"Drama, Family, Sport",8.3,77.0,Majid Majidi,Mohammad Amir Naji,65341,933933.0,83.0
Toy Story,1995,U,81,"Animation, Adventure, Comedy",8.3,95.0,John Lasseter,Tom Hanks,887429,191796233.0,83.0
Braveheart,1995,A,178,"Biography, Drama, History",8.3,68.0,Mel Gibson,Mel Gibson,959181,75600000.0,83.0
Reservoir Dogs,1992,R,99,"Crime, Drama, Thriller",8.3,79.0,Quentin Tarantino,Harvey Keitel,918562,2832029.0,83.0
Full Metal Jacket,1987,UA,116,"Drama, War",8.3,76.0,Stanley Kubrick,Matthew Modine,675146,46357676.0,83.0
Aliens,1986,U,137,"Action, Adventure, Sci-Fi",8.3,84.0,James Cameron,Sigourney Weaver,652719,85160248.0,83.0
Amadeus,1984,R,160,"Biography, Drama, History",8.3,88.0,Milos Forman,F. Murray Abraham,369007,51973029.0,83.0
Scarface,1983,A,170,"Crime, Drama",8.3,65.0,Brian De Palma,Al Pacino,740911,45598982.0,83.0
Star Wars: Episode VI - Return of the Jedi,1983,U,131,"Action, Adventure, Fantasy",8.3,58.0,Richard Marquand,Mark Hamill,950470,309125409.0,83.0
Das Boot,1981,R,149,"Adventure, Drama, Thriller",8.3,86.0,Wolfgang Petersen,Jürgen Prochnow,231855,11487676.0,83.0
Taxi Driver,1976,A,114,"Crime, Drama",8.3,94.0,Martin Scorsese,Robert De Niro,724636,28262574.0,83.0
The Sting,1973,U,129,"Comedy, Crime, Drama",8.3,83.0,George Roy Hill,Paul Newman,241513,159600000.0,83.0
A Clockwork Orange,1971,A,136,"Crime, Drama, Sci-Fi",8.3,77.0,Stanley Kubrick,Malcolm McDowell,757904,6207725.0,83.0
2001: A Space Odyssey,1968,U,149,"Adventure, Sci-Fi",8.3,84.0,Stanley Kubrick,Keir Dullea,603517,56954992.0,83.0
Per qualche dollaro in più,1965,U,132,Western,8.3,74.0,Sergio Leone,Clint Eastwood,232772,15000000.0,83.0
Lawrence of Arabia,1962,U,228,"Adventure, Biography, Drama",8.3,100.0,David Lean,Peter O'Toole,268085,44824144.0,83.0
The Apartment,1960,U,125,"Comedy, Drama, Romance",8.3,94.0,Billy Wilder,Jack Lemmon,164363,18600000.0,83.0
North by Northwest,1959,U,136,"Adventure, Mystery, Thriller",8.3,98.0,Alfred Hitchcock,Cary Grant,299198,13275000.0,83.0
Vertigo,1958,A,128,"Mystery, Romance, Thriller",8.3,100.0,Alfred Hitchcock,James Stewart,364368,3200000.0,83.0
Singin' in the Rain,1952,G,103,"Comedy, Musical, Romance",8.3,99.0,Stanley Donen,Gene Kelly,218957,8819028.0,83.0
Double Indemnity,1944,Passed,107,"Crime, Drama, Film-Noir",8.3,95.0,Billy Wilder,Fred MacMurray,143525,5720000.0,83.0
Citizen Kane,1941,UA,119,"Drama, Mystery",8.3,100.0,Orson Welles,Orson Welles,403351,1585634.0,83.0
Green Book,2018,UA,130,"Biography, Comedy, Drama",8.2,69.0,Peter Farrelly,Viggo Mortensen,377884,85080171.0,82.0
"Three Billboards Outside Ebbing, Missouri",2017,A,115,"Comedy, Crime, Drama",8.2,88.0,Martin McDonagh,Frances McDormand,432610,54513740.0,82.0
Klaus,2019,PG,96,"Animation, Adventure, Comedy",8.2,65.0,Sergio Pablos,Carlos Martínez López,104761,23457439.5,82.0
Gangs of Wasseypur,2012,A,321,"Action, Comedy, Crime",8.2,89.0,Anurag Kashyap,Manoj Bajpayee,82365,23457439.5,82.0
El secreto de sus ojos,2009,R,129,"Drama, Mystery, Romance",8.2,80.0,Juan José Campanella,Ricardo Darín,193217,6391436.0,82.0
Warrior,2011,UA,140,"Action, Drama, Sport",8.2,71.0,Gavin O'Connor,Tom Hardy,435950,13657115.0,82.0
Shutter Island,2010,A,138,"Mystery, Thriller",8.2,63.0,Martin Scorsese,Leonardo DiCaprio,1129894,128012934.0,82.0
Up,2009,U,96,"Animation, Adventure, Comedy",8.2,88.0,Pete Docter,Bob Peterson,935507,293004164.0,82.0
The Wolf of Wall Street,2013,A,180,"Biography, Crime, Drama",8.2,75.0,Martin Scorsese,Leonardo DiCaprio,1187498,116900694.0,82.0
Chak De! India,2007,U,153,"Drama, Family, Sport",8.2,68.0,Shimit Amin,Shah Rukh Khan,74129,1113541.0,82.0
There Will Be Blood,2007,A,158,Drama,8.2,93.0,Paul Thomas Anderson,Daniel Day-Lewis,517359,40222514.0,82.0
Pan's Labyrinth,2006,UA,118,"Drama, Fantasy, War",8.2,98.0,Guillermo del Toro,Ivana Baquero,618623,37634615.0,82.0
Toy Story 3,2010,U,103,"Animation, Adventure, Comedy",8.2,92.0,Lee Unkrich,Tom Hanks,757032,415004880.0,82.0
V for Vendetta,2005,A,132,"Action, Drama, Sci-Fi",8.2,62.0,James McTeigue,Hugo Weaving,1032749,70511035.0,82.0
Batman Begins,2005,UA,140,"Action, Adventure",8.2,70.0,Christopher Nolan,Christian Bale,1308302,206852432.0,82.0
Der Untergang,2004,R,156,"Biography, Drama, History",8.2,82.0,Oliver Hirschbiegel,Bruno Ganz,331308,5509040.0,82.0
Hauru no ugoku shiro,2004,U,119,"Animation, Adventure, Family",8.2,80.0,Hayao Miyazaki,Chieko Baishô,333915,4711096.0,82.0
A Beautiful Mind,2001,UA,135,"Biography, Drama",8.2,72.0,Ron Howard,Russell Crowe,848920,170742341.0,82.0
"Lock, Stock and Two Smoking Barrels",1998,A,107,"Action, Comedy, Crime",8.2,66.0,Guy Ritchie,Jason Flemyng,535216,3897569.0,82.0
L.A. Confidential,1997,A,138,"Crime, Drama, Mystery",8.2,90.0,Curtis Hanson,Kevin Spacey,531967,64616940.0,82.0
Heat,1995,A,170,"Crime, Drama, Thriller",8.2,76.0,Michael Mann,Al Pacino,577113,67436818.0,82.0
Casino,1995,A,178,"Crime, Drama",8.2,73.0,Martin Scorsese,Robert De Niro,466276,42438300.0,82.0
Unforgiven,1992,A,130,"Drama, Western",8.2,85.0,Clint Eastwood,Clint Eastwood,375935,101157447.0,82.0
Indiana Jones and the Last Crusade,1989,U,127,"Action, Adventure",8.2,65.0,Steven Spielberg,Harrison Ford,692366,197171806.0,82.0
Tonari no Totoro,1988,U,86,"Animation, Family, Fantasy",8.2,86.0,Hayao Miyazaki,Hitoshi Takagi,291180,1105564.0,82.0
Die Hard,1988,A,132,"Action, Thriller",8.2,72.0,John McTiernan,Bruce Willis,793164,83008852.0,82.0
Ran,1985,U,162,"Action, Drama, War",8.2,96.0,Akira Kurosawa,Tatsuya Nakadai,112505,4135750.0,82.0
Raging Bull,1980,A,129,"Biography, Drama, Sport",8.2,89.0,Martin Scorsese,Robert De Niro,321860,23383987.0,82.0
Monty Python and the Holy Grail,1975,PG,91,"Adventure, Comedy, Fantasy",8.2,91.0,Terry Gilliam,Terry Jones,500875,1229197.0,82.0
The Great Escape,1963,U,172,"Adventure, Drama, History",8.2,86.0,John Sturges,Steve McQueen,224730,12100000.0,82.0
To Kill a Mockingbird,1962,U,129,"Crime, Drama",8.2,88.0,Robert Mulligan,Gregory Peck,293811,23457439.5,82.0
Judgment at Nuremberg,1961,A,179,"Drama, War",8.2,60.0,Stanley Kramer,Spencer Tracy,69458,23457439.5,82.0
Some Like It Hot,1959,U,121,"Comedy, Music, Romance",8.2,98.0,Billy Wilder,Marilyn Monroe,243943,25000000.0,82.0
Smultronstället,1957,U,91,"Drama, Romance",8.2,88.0,Ingmar Bergman,Victor Sjöström,96381,23457439.5,82.0
Det sjunde inseglet,1957,A,96,"Drama, Fantasy, History",8.2,88.0,Ingmar Bergman,Max von Sydow,164939,23457439.5,82.0
Dial M for Murder,1954,A,105,"Crime, Thriller",8.2,75.0,Alfred Hitchcock,Ray Milland,158335,12562.0,82.0
All About Eve,1950,Passed,138,Drama,8.2,98.0,Joseph L. Mankiewicz,Bette Davis,120539,10177.0,82.0
The Treasure of the Sierra Madre,1948,Passed,126,"Adventure, Drama, Western",8.2,98.0,John Huston,Humphrey Bogart,114304,5014000.0,82.0
To Be or Not to Be,1942,Passed,99,"Comedy, War",8.2,86.0,Ernst Lubitsch,Carole Lombard,29915,23457439.5,82.0
Portrait de la jeune fille en feu,2019,R,122,"Drama, Romance",8.1,95.0,Céline Sciamma,Noémie Merlant,63134,3759854.0,81.0
Koe no katachi,2016,16,130,"Animation, Drama, Family",8.1,78.0,Naoko Yamada,Miyu Irino,47708,23457439.5,81.0
Ah-ga-ssi,2016,A,145,"Drama, Romance, Thriller",8.1,84.0,Chan-wook Park,Kim Min-hee,113649,2006788.0,81.0
Mommy,2014,R,139,Drama,8.1,74.0,Xavier Dolan,Anne Dorval,50700,3492754.0,81.0
Logan,2017,A,137,"Action, Drama, Sci-Fi",8.1,77.0,James Mangold,Hugh Jackman,647884,226277068.0,81.0
Room,2015,R,118,"Drama, Thriller",8.1,86.0,Lenny Abrahamson,Brie Larson,371538,14677674.0,81.0
Relatos salvajes,2014,R,122,"Comedy, Drama, Thriller",8.1,77.0,Damián Szifron,Darío Grandinetti,177059,3107072.0,81.0
Soul,2020,U,100,"Animation, Adventure, Comedy",8.1,83.0,Pete Docter,Kemp Powers,159171,23457439.5,81.0
The Grand Budapest Hotel,2014,UA,99,"Adventure, Comedy, Crime",8.1,88.0,Wes Anderson,Ralph Fiennes,707630,59100318.0,81.0
Gone Girl,2014,A,149,"Drama, Mystery, Thriller",8.1,79.0,David Fincher,Ben Affleck,859695,167767189.0,81.0
Ôkami kodomo no Ame to Yuki,2012,U,117,"Animation, Drama, Fantasy",8.1,71.0,Mamoru Hosoda,Aoi Miyazaki,38803,23457439.5,81.0
Hacksaw Ridge,2016,A,139,"Biography, Drama, History",8.1,71.0,Mel Gibson,Andrew Garfield,435928,67209615.0,81.0
Inside Out,2015,U,95,"Animation, Adventure, Comedy",8.1,94.0,Pete Docter,Ronnie Del Carmen,616228,356461711.0,81.0
12 Years a Slave,2013,A,134,"Biography, Drama, History",8.1,96.0,Steve McQueen,Chiwetel Ejiofor,640533,56671993.0,81.0
Rush,2013,UA,123,"Action, Biography, Drama",8.1,74.0,Ron Howard,Daniel Brühl,432811,26947624.0,81.0
Ford v Ferrari,2019,UA,152,"Action, Biography, Drama",8.1,81.0,James Mangold,Matt Damon,291289,117624028.0,81.0
Spotlight,2015,A,129,"Biography, Crime, Drama",8.1,93.0,Tom McCarthy,Mark Ruffalo,420316,45055776.0,81.0
Song of the Sea,2014,PG,93,"Animation, Adventure, Drama",8.1,85.0,Tomm Moore,David Rawle,51679,857524.0,81.0
Prisoners,2013,A,153,"Crime, Drama, Mystery",8.1,70.0,Denis Villeneuve,Hugh Jackman,601149,61002302.0,81.0
Mad Max: Fury Road,2015,UA,120,"Action, Adventure, Sci-Fi",8.1,90.0,George Miller,Tom Hardy,882316,154058340.0,81.0
Gran Torino,2008,R,116,Drama,8.1,72.0,Clint Eastwood,Clint Eastwood,720450,148095302.0,81.0
Harry Potter and the Deathly Hallows: Part 2,2011,UA,130,"Adventure, Drama, Fantasy",8.1,85.0,David Yates,Daniel Radcliffe,764493,381011219.0,81.0
Okuribito,2008,PG-13,130,"Drama, Music",8.1,68.0,Yôjirô Takita,Masahiro Motoki,48582,1498210.0,81.0
How to Train Your Dragon,2010,U,98,"Animation, Action, Adventure",8.1,75.0,Dean DeBlois,Chris Sanders,666773,217581231.0,81.0
Into the Wild,2007,R,148,"Adventure, Biography, Drama",8.1,73.0,Sean Penn,Emile Hirsch,572921,18354356.0,81.0
No Country for Old Men,2007,R,122,"Crime, Drama, Thriller",8.1,91.0,Ethan Coen,Joel Coen,856916,74283625.0,81.0
Million Dollar Baby,2004,UA,132,"Drama, Sport",8.1,86.0,Clint Eastwood,Hilary Swank,635975,100492203.0,81.0
Hotel Rwanda,2004,PG-13,121,"Biography, Drama, History",8.1,79.0,Terry George,Don Cheadle,334320,23530892.0,81.0
Taegukgi hwinalrimyeo,2004,R,140,"Action, Drama, War",8.1,64.0,Je-kyu Kang,Jang Dong-Gun,37820,1111061.0,81.0
Before Sunset,2004,R,80,"Drama, Romance",8.1,90.0,Richard Linklater,Ethan Hawke,236311,5820649.0,81.0
Salinui chueok,2003,UA,131,"Crime, Drama, Mystery",8.1,82.0,Bong Joon Ho,Kang-ho Song,139558,14131.0,81.0
Kill Bill: Vol. 1,2003,R,111,"Action, Crime, Drama",8.1,69.0,Quentin Tarantino,Uma Thurman,1000639,70099045.0,81.0
Finding Nemo,2003,U,100,"Animation, Adventure, Comedy",8.1,90.0,Andrew Stanton,Lee Unkrich,949565,380843261.0,81.0
Catch Me If You Can,2002,A,141,"Biography, Crime, Drama",8.1,75.0,Steven Spielberg,Leonardo DiCaprio,832846,164615351.0,81.0
Amores perros,2000,A,154,"Drama, Thriller",8.1,83.0,Alejandro G. Iñárritu,Emilio Echevarría,223741,5383834.0,81.0
"Monsters, Inc.",2001,U,92,"Animation, Adventure, Comedy",8.1,79.0,Pete Docter,David Silverman,815505,289916256.0,81.0
Lagaan: Once Upon a Time in India,2001,U,224,"Adventure, Drama, Musical",8.1,84.0,Ashutosh Gowariker,Aamir Khan,105036,70147.0,81.0
The Sixth Sense,1999,A,107,"Drama, Mystery, Thriller",8.1,64.0,M. Night Shyamalan,Bruce Willis,911573,293506292.0,81.0
La leggenda del pianista sull'oceano,1998,U,169,"Drama, Music, Romance",8.1,58.0,Giuseppe Tornatore,Tim Roth,59020,259127.0,81.0
The Truman Show,1998,U,103,"Comedy, Drama",8.1,90.0,Peter Weir,Jim Carrey,939631,125618201.0,81.0
"Crna macka, beli macor",1998,R,127,"Comedy, Crime, Romance",8.1,73.0,Emir Kusturica,Bajram Severdzan,50862,348660.0,81.0
The Big Lebowski,1998,R,117,"Comedy, Crime, Sport",8.1,71.0,Joel Coen,Ethan Coen,732620,17498804.0,81.0
Fa yeung nin wah,2000,U,98,"Drama, Romance",8.1,85.0,Kar-Wai Wong,Tony Chiu-Wai Leung,124383,2734044.0,81.0
Trainspotting,1996,A,93,Drama,8.1,83.0,Danny Boyle,Ewan McGregor,634716,16501785.0,81.0
Fargo,1996,A,98,"Crime, Drama, Thriller",8.1,85.0,Joel Coen,Ethan Coen,617444,24611975.0,81.0
Before Sunrise,1995,R,101,"Drama, Romance",8.1,77.0,Richard Linklater,Ethan Hawke,272291,5535405.0,81.0
Trois couleurs: Rouge,1994,U,99,"Drama, Mystery, Romance",8.1,100.0,Krzysztof Kieslowski,Irène Jacob,90729,4043686.0,81.0
Chung Hing sam lam,1994,U,102,"Comedy, Crime, Drama",8.1,77.0,Kar-Wai Wong,Brigitte Lin,63122,600200.0,81.0
Jurassic Park,1993,UA,127,"Action, Adventure, Sci-Fi",8.1,68.0,Steven Spielberg,Sam Neill,867615,402453882.0,81.0
In the Name of the Father,1993,UA,133,"Biography, Crime, Drama",8.1,84.0,Jim Sheridan,Daniel Day-Lewis,156842,25010410.0,81.0
Dead Poets Society,1989,U,128,"Comedy, Drama",8.1,79.0,Peter Weir,Robin Williams,425457,95860116.0,81.0
Stand by Me,1986,U,89,"Adventure, Drama",8.1,75.0,Rob Reiner,Wil Wheaton,363401,52287414.0,81.0
Platoon,1986,A,120,"Drama, War",8.1,92.0,Oliver Stone,Charlie Sheen,381222,138530565.0,81.0
"Paris, Texas",1984,U,145,Drama,8.1,78.0,Wim Wenders,Harry Dean Stanton,91188,2181987.0,81.0
Kaze no tani no Naushika,1984,U,117,"Animation, Adventure, Fantasy",8.1,86.0,Hayao Miyazaki,Sumi Shimamoto,150924,495770.0,81.0
The Thing,1982,A,109,"Horror, Mystery, Sci-Fi",8.1,57.0,John Carpenter,Kurt Russell,371271,13782838.0,81.0
Pink Floyd: The Wall,1982,UA,95,"Drama, Fantasy, Music",8.1,47.0,Alan Parker,Bob Geldof,76081,22244207.0,81.0
Fanny och Alexander,1982,A,188,Drama,8.1,100.0,Ingmar Bergman,Bertil Guve,57784,4971340.0,81.0
Blade Runner,1982,UA,117,"Action, Sci-Fi, Thriller",8.1,84.0,Ridley Scott,Harrison Ford,693827,32868943.0,81.0
The Elephant Man,1980,UA,124,"Biography, Drama",8.1,78.0,David Lynch,Anthony Hopkins,220078,23457439.5,81.0
Life of Brian,1979,R,94,Comedy,8.1,77.0,Terry Jones,Graham Chapman,367250,20045115.0,81.0
The Deer Hunter,1978,A,183,"Drama, War",8.1,86.0,Michael Cimino,Robert De Niro,311361,48979328.0,81.0
Rocky,1976,U,120,"Drama, Sport",8.1,70.0,John G. Avildsen,Sylvester Stallone,518546,117235247.0,81.0
Network,1976,UA,121,Drama,8.1,83.0,Sidney Lumet,Faye Dunaway,144911,23457439.5,81.0
Barry Lyndon,1975,PG,185,"Adventure, Drama, History",8.1,89.0,Stanley Kubrick,Ryan O'Neal,149843,23457439.5,81.0
Chinatown,1974,UA,130,"Drama, Mystery, Thriller",8.1,92.0,Roman Polanski,Jack Nicholson,294230,29000000.0,81.0
Paper Moon,1973,U,102,"Comedy, Crime, Drama",8.1,77.0,Peter Bogdanovich,Ryan O'Neal,42285,30933743.0,81.0
Solaris,1972,PG,167,"Drama, Mystery, Sci-Fi",8.1,90.0,Andrei Tarkovsky,Natalya Bondarchuk,81021,23457439.5,81.0
Cool Hand Luke,1967,A,127,"Crime, Drama",8.1,92.0,Stuart Rosenberg,Paul Newman,161984,16217773.0,81.0
What Ever Happened to Baby Jane?,1962,Passed,134,"Drama, Horror, Thriller",8.1,75.0,Robert Aldrich,Bette Davis,50058,4050000.0,81.0
Inherit the Wind,1960,Passed,128,"Biography, Drama, History",8.1,75.0,Stanley Kramer,Spencer Tracy,27254,23457439.5,81.0
Ben-Hur,1959,U,212,"Adventure, Drama, History",8.1,90.0,William Wyler,Charlton Heston,219466,74700000.0,81.0
The Bridge on the River Kwai,1957,PG,161,"Adventure, Drama, War",8.1,87.0,David Lean,William Holden,203463,44908000.0,81.0
On the Waterfront,1954,A,108,"Crime, Drama, Thriller",8.1,91.0,Elia Kazan,Marlon Brando,142107,9600000.0,81.0
Le salaire de la peur,1953,U,131,"Adventure, Drama, Thriller",8.1,85.0,Henri-Georges Clouzot,Yves Montand,54588,23457439.5,81.0
Ace in the Hole,1951,Approved,111,"Drama, Film-Noir",8.1,72.0,Billy Wilder,Kirk Douglas,31568,3969893.0,81.0
The Third Man,1949,Approved,104,"Film-Noir, Mystery, Thriller",8.1,97.0,Carol Reed,Orson Welles,158731,449191.0,81.0
Rebecca,1940,Approved,130,"Drama, Mystery, Romance",8.1,86.0,Alfred Hitchcock,Laurence Olivier,123942,4360000.0,81.0
Mr. Smith Goes to Washington,1939,Passed,129,"Comedy, Drama",8.1,73.0,Frank Capra,James Stewart,107017,9600000.0,81.0
Gone with the Wind,1939,U,238,"Drama, History, Romance",8.1,97.0,Victor Fleming,George Cukor,290074,198676459.0,81.0
It Happened One Night,1934,Approved,105,"Comedy, Romance",8.1,87.0,Frank Capra,Clark Gable,94016,4360000.0,81.0
The Circus,1928,Passed,72,"Comedy, Romance",8.1,90.0,Charles Chaplin,Charles Chaplin,30205,23457439.5,81.0
Togo,2019,U,113,"Adventure, Biography, Drama",8.0,69.0,Ericson Core,Willem Dafoe,37556,23457439.5,80.0
La La Land,2016,A,128,"Comedy, Drama, Music",8.0,94.0,Damien Chazelle,Ryan Gosling,505918,151101803.0,80.0
Lion,2016,U,118,"Biography, Drama",8.0,69.0,Garth Davis,Dev Patel,213970,51739495.0,80.0
The Martian,2015,UA,144,"Adventure, Drama, Sci-Fi",8.0,80.0,Ridley Scott,Matt Damon,760094,228433663.0,80.0
Zootopia,2016,U,108,"Animation, Adventure, Comedy",8.0,78.0,Byron Howard,Rich Moore,434143,341268248.0,80.0
Kaguyahime no monogatari,2013,U,137,"Animation, Adventure, Drama",8.0,89.0,Isao Takahata,Chloë Grace Moretz,38746,1506975.0,80.0
Wonder,2017,U,113,"Drama, Family",8.0,66.0,Stephen Chbosky,Jacob Tremblay,141923,132422809.0,80.0
Gully Boy,2019,UA,154,"Drama, Music, Romance",8.0,65.0,Zoya Akhtar,Vijay Varma,31886,5566534.0,80.0
Short Term 12,2013,R,96,Drama,8.0,82.0,Destin Daniel Cretton,Brie Larson,81770,1010414.0,80.0
Serbuan maut 2: Berandal,2014,A,150,"Action, Crime, Thriller",8.0,71.0,Gareth Evans,Iko Uwais,114316,2625803.0,80.0
The Imitation Game,2014,UA,114,"Biography, Drama, Thriller",8.0,73.0,Morten Tyldum,Benedict Cumberbatch,685201,91125683.0,80.0
Guardians of the Galaxy,2014,UA,121,"Action, Adventure, Comedy",8.0,76.0,James Gunn,Chris Pratt,1043455,333176600.0,80.0
Blade Runner 2049,2017,UA,164,"Action, Drama, Mystery",8.0,81.0,Denis Villeneuve,Harrison Ford,461823,92054159.0,80.0
Her,2013,A,126,"Drama, Romance, Sci-Fi",8.0,90.0,Spike Jonze,Joaquin Phoenix,540772,25568251.0,80.0
Bohemian Rhapsody,2018,UA,134,"Biography, Drama, Music",8.0,49.0,Bryan Singer,Rami Malek,450349,216428042.0,80.0
The Revenant,2015,A,156,"Action, Adventure, Drama",8.0,76.0,Alejandro G. Iñárritu,Leonardo DiCaprio,705589,183637894.0,80.0
The Perks of Being a Wallflower,2012,UA,103,"Drama, Romance",8.0,67.0,Stephen Chbosky,Logan Lerman,462252,17738570.0,80.0
The King's Speech,2010,U,118,"Biography, Drama, History",8.0,88.0,Tom Hooper,Colin Firth,639603,138797449.0,80.0
The Help,2011,UA,146,Drama,8.0,62.0,Tate Taylor,Emma Stone,428521,169708112.0,80.0
Deadpool,2016,R,108,"Action, Adventure, Comedy",8.0,65.0,Tim Miller,Ryan Reynolds,902669,363070709.0,80.0
Darbareye Elly,2009,TV-PG,119,"Drama, Mystery",8.0,87.0,Asghar Farhadi,Golshifteh Farahani,45803,106662.0,80.0
Yip Man,2008,R,106,"Action, Biography, Drama",8.0,59.0,Wilson Yip,Donnie Yen,211427,23457439.5,80.0
My Name Is Khan,2010,UA,165,Drama,8.0,50.0,Karan Johar,Shah Rukh Khan,98575,4018695.0,80.0
Slumdog Millionaire,2008,UA,120,"Drama, Romance",8.0,84.0,Danny Boyle,Loveleen Tandan,798882,141319928.0,80.0
Black Swan,2010,A,108,"Drama, Thriller",8.0,79.0,Darren Aronofsky,Natalie Portman,699673,106954678.0,80.0
Tropa de Elite,2007,R,115,"Action, Crime, Drama",8.0,33.0,José Padilha,Wagner Moura,98097,8060.0,80.0
The Avengers,2012,UA,143,"Action, Adventure, Sci-Fi",8.0,69.0,Joss Whedon,Robert Downey Jr.,1260806,623279547.0,80.0
Persepolis,2007,PG-13,96,"Animation, Biography, Drama",8.0,90.0,Vincent Paronnaud,Marjane Satrapi,88656,4445756.0,80.0
Dallas Buyers Club,2013,R,117,"Biography, Drama",8.0,80.0,Jean-Marc Vallée,Matthew McConaughey,441614,27298285.0,80.0
The Pursuit of Happyness,2006,U,117,"Biography, Drama",8.0,64.0,Gabriele Muccino,Will Smith,448930,163566459.0,80.0
Blood Diamond,2006,A,143,"Adventure, Drama, Thriller",8.0,64.0,Edward Zwick,Leonardo DiCaprio,499439,57366262.0,80.0
The Bourne Ultimatum,2007,UA,115,"Action, Mystery, Thriller",8.0,85.0,Paul Greengrass,Matt Damon,604694,227471070.0,80.0
Bin-jip,2004,U,88,"Crime, Drama, Romance",8.0,72.0,Ki-duk Kim,Seung-Yun Lee,50610,238507.0,80.0
Sin City,2005,A,124,"Crime, Thriller",8.0,74.0,Frank Miller,Quentin Tarantino,738512,74103820.0,80.0
Le scaphandre et le papillon,2007,PG-13,112,"Biography, Drama",8.0,92.0,Julian Schnabel,Laura Obiols,103284,5990075.0,80.0
Ratatouille,2007,U,111,"Animation, Adventure, Comedy",8.0,96.0,Brad Bird,Jan Pinkava,641645,206445654.0,80.0
Casino Royale,2006,PG-13,144,"Action, Adventure, Thriller",8.0,80.0,Martin Campbell,Daniel Craig,582239,167445960.0,80.0
Kill Bill: Vol. 2,2004,A,137,"Action, Crime, Thriller",8.0,83.0,Quentin Tarantino,Uma Thurman,683900,66208183.0,80.0
Bom Yeoareum Gaeul Gyeoul Geurigo Bom,2003,R,103,"Drama, Romance",8.0,85.0,Ki-duk Kim,Ki-duk Kim,77520,2380788.0,80.0
Mar adentro,2014,U,126,"Biography, Drama",8.0,74.0,Alejandro Amenábar,Javier Bardem,77554,2086345.0,80.0
Cinderella Man,2005,UA,144,"Biography, Drama, History",8.0,69.0,Ron Howard,Russell Crowe,176151,61649911.0,80.0
Kal Ho Naa Ho,2003,U,186,"Comedy, Drama, Musical",8.0,54.0,Nikkhil Advani,Preity Zinta,63460,1787378.0,80.0
Mou gaan dou,2002,UA,101,"Action, Crime, Drama",8.0,75.0,Andrew Lau,Alan Mak,117857,169659.0,80.0
Pirates of the Caribbean: The Curse of the Black Pearl,2003,UA,143,"Action, Adventure, Fantasy",8.0,63.0,Gore Verbinski,Johnny Depp,1015122,305413918.0,80.0
Big Fish,2003,U,125,"Adventure, Drama, Fantasy",8.0,58.0,Tim Burton,Ewan McGregor,415218,66257002.0,80.0
The Incredibles,2004,U,115,"Animation, Action, Adventure",8.0,90.0,Brad Bird,Craig T. Nelson,657047,261441092.0,80.0
Dogville,2003,R,178,"Crime, Drama",8.0,60.0,Lars von Trier,Nicole Kidman,137963,1530386.0,80.0
Donnie Darko,2001,R,113,"Drama, Mystery, Sci-Fi",8.0,88.0,Richard Kelly,Jake Gyllenhaal,740086,1480006.0,80.0
Magnolia,1999,R,188,Drama,8.0,77.0,Paul Thomas Anderson,Tom Cruise,289742,22455976.0,80.0
Dancer in the Dark,2000,U,140,"Crime, Drama, Musical",8.0,61.0,Lars von Trier,Björk,102285,4184036.0,80.0
The Straight Story,1999,U,112,"Biography, Drama",8.0,86.0,David Lynch,Richard Farnsworth,82002,6203044.0,80.0
Festen,1998,R,105,Drama,8.0,82.0,Thomas Vinterberg,Ulrich Thomsen,78341,1647780.0,80.0
Central do Brasil,1998,R,110,Drama,8.0,80.0,Walter Salles,Fernanda Montenegro,36419,5595428.0,80.0
The Iron Giant,1999,PG,86,"Animation, Action, Adventure",8.0,85.0,Brad Bird,Eli Marienthal,172083,23159305.0,80.0
Sling Blade,1996,R,135,Drama,8.0,84.0,Billy Bob Thornton,Billy Bob Thornton,86838,24475416.0,80.0
Secrets & Lies,1996,U,136,"Comedy, Drama",8.0,91.0,Mike Leigh,Timothy Spall,37564,13417292.0,80.0
Twelve Monkeys,1995,A,129,"Mystery, Sci-Fi, Thriller",8.0,74.0,Terry Gilliam,Bruce Willis,578443,57141459.0,80.0
Kôkaku Kidôtai,1995,UA,83,"Animation, Action, Crime",8.0,76.0,Mamoru Oshii,Atsuko Tanaka,129231,515905.0,80.0
The Nightmare Before Christmas,1993,U,76,"Animation, Family, Fantasy",8.0,82.0,Henry Selick,Danny Elfman,300208,75082668.0,80.0
Groundhog Day,1993,U,101,"Comedy, Fantasy, Romance",8.0,72.0,Harold Ramis,Bill Murray,577991,70906973.0,80.0
Bound by Honor,1993,R,180,"Crime, Drama",8.0,47.0,Taylor Hackford,Damian Chapa,28825,4496583.0,80.0
Scent of a Woman,1992,UA,156,Drama,8.0,59.0,Martin Brest,Al Pacino,263918,63895607.0,80.0
Aladdin,1992,U,90,"Animation, Adventure, Comedy",8.0,86.0,Ron Clements,John Musker,373845,217350219.0,80.0
JFK,1991,UA,189,"Drama, History, Thriller",8.0,72.0,Oliver Stone,Kevin Costner,142110,70405498.0,80.0
Beauty and the Beast,1991,G,84,"Animation, Family, Fantasy",8.0,95.0,Gary Trousdale,Kirk Wise,417178,218967620.0,80.0
Dances with Wolves,1990,U,181,"Adventure, Drama, Western",8.0,72.0,Kevin Costner,Kevin Costner,240266,184208848.0,80.0
Do the Right Thing,1989,R,120,"Comedy, Drama",8.0,93.0,Spike Lee,Danny Aiello,89429,27545445.0,80.0
Rain Man,1988,U,133,Drama,8.0,65.0,Barry Levinson,Dustin Hoffman,473064,178800000.0,80.0
The Princess Bride,1987,U,98,"Adventure, Family, Fantasy",8.0,77.0,Rob Reiner,Cary Elwes,393899,30857814.0,80.0
Der Himmel über Berlin,1987,U,128,"Drama, Fantasy, Romance",8.0,79.0,Wim Wenders,Bruno Ganz,64722,3333969.0,80.0
Au revoir les enfants,1987,U,104,"Drama, War",8.0,88.0,Louis Malle,Gaspard Manesse,31163,4542825.0,80.0
Tenkû no shiro Rapyuta,1986,U,125,"Animation, Adventure, Drama",8.0,78.0,Hayao Miyazaki,Mayumi Tanaka,150140,23457439.5,80.0
The Terminator,1984,UA,107,"Action, Sci-Fi",8.0,84.0,James Cameron,Arnold Schwarzenegger,799795,38400000.0,80.0
Gandhi,1982,U,191,"Biography, Drama, History",8.0,79.0,Richard Attenborough,Ben Kingsley,217664,52767889.0,80.0
Kagemusha,1980,U,180,"Drama, History, War",8.0,84.0,Akira Kurosawa,Tatsuya Nakadai,32195,23457439.5,80.0
Being There,1979,PG,130,"Comedy, Drama",8.0,83.0,Hal Ashby,Peter Sellers,65625,30177511.0,80.0
Annie Hall,1977,A,93,"Comedy, Romance",8.0,92.0,Woody Allen,Woody Allen,251823,39200000.0,80.0
Jaws,1975,A,124,"Adventure, Thriller",8.0,87.0,Steven Spielberg,Roy Scheider,543388,260000000.0,80.0
Dog Day Afternoon,1975,U,125,"Biography, Crime, Drama",8.0,86.0,Sidney Lumet,Al Pacino,235652,50000000.0,80.0
Young Frankenstein,1974,A,106,Comedy,8.0,80.0,Mel Brooks,Gene Wilder,143359,86300000.0,80.0
Papillon,1973,R,151,"Biography, Crime, Drama",8.0,58.0,Franklin J. Schaffner,Steve McQueen,121627,53267000.0,80.0
The Exorcist,1973,A,122,Horror,8.0,81.0,William Friedkin,Ellen Burstyn,362393,232906145.0,80.0
The Last Picture Show,1971,R,118,"Drama, Romance",8.0,93.0,Peter Bogdanovich,Timothy Bottoms,42456,29133000.0,80.0
Fiddler on the Roof,1971,G,181,"Drama, Family, Musical",8.0,67.0,Norman Jewison,Topol,39491,80500000.0,80.0
Il conformista,1970,UA,113,Drama,8.0,100.0,Bernardo Bertolucci,Jean-Louis Trintignant,27067,541940.0,80.0
Butch Cassidy and the Sundance Kid,1969,PG,110,"Biography, Crime, Drama",8.0,66.0,George Roy Hill,Paul Newman,201888,102308889.0,80.0
Rosemary's Baby,1968,A,137,"Drama, Horror",8.0,96.0,Roman Polanski,Mia Farrow,193674,23457439.5,80.0
Planet of the Apes,1968,U,112,"Adventure, Sci-Fi",8.0,79.0,Franklin J. Schaffner,Charlton Heston,165167,33395426.0,80.0
The Graduate,1967,A,106,"Comedy, Drama, Romance",8.0,83.0,Mike Nichols,Dustin Hoffman,253676,104945305.0,80.0
Who's Afraid of Virginia Woolf?,1966,A,131,Drama,8.0,75.0,Mike Nichols,Elizabeth Taylor,68926,23457439.5,80.0
The Sound of Music,1965,U,172,"Biography, Drama, Family",8.0,63.0,Robert Wise,Julie Andrews,205425,163214286.0,80.0
Doctor Zhivago,1965,A,197,"Drama, Romance, War",8.0,69.0,David Lean,Omar Sharif,69903,111722000.0,80.0
Per un pugno di dollari,1964,A,99,"Action, Drama, Western",8.0,65.0,Sergio Leone,Clint Eastwood,198219,14500000.0,80.0
The Hustler,1961,A,134,"Drama, Sport",8.0,90.0,Robert Rossen,Paul Newman,75067,8284000.0,80.0
La dolce vita,1960,A,174,"Comedy, Drama",8.0,95.0,Federico Fellini,Marcello Mastroianni,66621,19516000.0,80.0
Rio Bravo,1959,Passed,141,"Action, Drama, Western",8.0,93.0,Howard Hawks,John Wayne,56305,12535000.0,80.0
Touch of Evil,1958,PG-13,95,"Crime, Drama, Film-Noir",8.0,99.0,Orson Welles,Charlton Heston,98431,2237659.0,80.0
Cat on a Hot Tin Roof,1958,A,108,Drama,8.0,84.0,Richard Brooks,Elizabeth Taylor,45062,17570324.0,80.0
Sweet Smell of Success,1957,Approved,96,"Drama, Film-Noir",8.0,100.0,Alexander Mackendrick,Burt Lancaster,28137,23457439.5,80.0
The Killing,1956,Approved,84,"Crime, Drama, Film-Noir",8.0,91.0,Stanley Kubrick,Sterling Hayden,81702,23457439.5,80.0
A Streetcar Named Desire,1951,A,122,Drama,8.0,97.0,Elia Kazan,Vivien Leigh,99182,8000000.0,80.0
Rope,1948,A,80,"Crime, Drama, Mystery",8.0,73.0,Alfred Hitchcock,James Stewart,129783,23457439.5,80.0
Brief Encounter,1945,U,86,"Drama, Romance",8.0,92.0,David Lean,Celia Johnson,35601,23457439.5,80.0
The Best Years of Our Lives,1946,Approved,170,"Drama, Romance, War",8.0,93.0,William Wyler,Myrna Loy,57259,23650000.0,80.0
The Grapes of Wrath,1940,Passed,129,"Drama, History",8.0,96.0,John Ford,Henry Fonda,85559,55000.0,80.0
The Wizard of Oz,1939,U,102,"Adventure, Family, Fantasy",8.0,92.0,Victor Fleming,George Cukor,371379,2076020.0,80.0
The Thin Man,1934,TV-PG,91,"Comedy, Crime, Mystery",8.0,86.0,W.S. Van Dyke,William Powell,26642,23457439.5,80.0
All Quiet on the Western Front,1930,U,152,"Drama, War",8.0,91.0,Lewis Milestone,Lew Ayres,57318,3270000.0,80.0
Knives Out,2019,UA,130,"Comedy, Crime, Drama",7.9,82.0,Rian Johnson,Daniel Craig,454203,165359751.0,79.0
Manbiki kazoku,2018,A,121,"Crime, Drama",7.9,93.0,Hirokazu Koreeda,Lily Franky,62754,3313513.0,79.0
Marriage Story,2019,U,137,"Comedy, Drama, Romance",7.9,94.0,Noah Baumbach,Adam Driver,246644,2000000.0,79.0
Call Me by Your Name,2017,UA,132,"Drama, Romance",7.9,93.0,Luca Guadagnino,Armie Hammer,212651,18095701.0,79.0
"I, Daniel Blake",2016,UA,100,Drama,7.9,78.0,Ken Loach,Laura Obiols,53818,258168.0,79.0
Isle of Dogs,2018,U,101,"Animation, Adventure, Comedy",7.9,82.0,Wes Anderson,Bryan Cranston,139114,32015231.0,79.0
Hunt for the Wilderpeople,2016,UA,101,"Adventure, Comedy, Drama",7.9,81.0,Taika Waititi,Sam Neill,111483,5202582.0,79.0
Captain Fantastic,2016,R,118,"Comedy, Drama",7.9,72.0,Matt Ross,Viggo Mortensen,189400,5875006.0,79.0
Sing Street,2016,PG-13,106,"Comedy, Drama, Music",7.9,79.0,John Carney,Ferdia Walsh-Peelo,85109,3237118.0,79.0
Thor: Ragnarok,2017,UA,130,"Action, Adventure, Comedy",7.9,74.0,Taika Waititi,Chris Hemsworth,587775,315058289.0,79.0
Nightcrawler,2014,A,117,"Crime, Drama, Thriller",7.9,76.0,Dan Gilroy,Jake Gyllenhaal,466134,32381218.0,79.0
Jojo Rabbit,2019,UA,108,"Comedy, Drama, War",7.9,58.0,Taika Waititi,Roman Griffin Davis,297918,349555.0,79.0
Arrival,2016,UA,116,"Drama, Sci-Fi",7.9,81.0,Denis Villeneuve,Amy Adams,594181,100546139.0,79.0
Star Wars: Episode VII - The Force Awakens,2015,U,138,"Action, Adventure, Sci-Fi",7.9,80.0,J.J. Abrams,Daisy Ridley,860823,936662225.0,79.0
Before Midnight,2013,R,109,"Drama, Romance",7.9,94.0,Richard Linklater,Ethan Hawke,141457,8114627.0,79.0
X-Men: Days of Future Past,2014,UA,132,"Action, Adventure, Sci-Fi",7.9,75.0,Bryan Singer,Patrick Stewart,659763,233921534.0,79.0
The Artist,2011,U,100,"Comedy, Drama, Romance",7.9,89.0,Michel Hazanavicius,Jean Dujardin,230624,44671682.0,79.0
Edge of Tomorrow,2014,UA,113,"Action, Adventure, Sci-Fi",7.9,71.0,Doug Liman,Tom Cruise,600004,100206256.0,79.0
Amour,2012,UA,127,"Drama, Romance",7.9,94.0,Michael Haneke,Jean-Louis Trintignant,93090,6739492.0,79.0
The Irishman,2019,R,209,"Biography, Crime, Drama",7.9,94.0,Martin Scorsese,Robert De Niro,324720,7000000.0,79.0
Un prophète,2009,A,155,"Crime, Drama",7.9,90.0,Jacques Audiard,Tahar Rahim,93560,2084637.0,79.0
Moon,2009,R,97,"Drama, Mystery, Sci-Fi",7.9,67.0,Duncan Jones,Sam Rockwell,335152,5009677.0,79.0
Låt den rätte komma in,2008,R,114,"Crime, Drama, Fantasy",7.9,82.0,Tomas Alfredson,Kåre Hedebrant,205609,2122065.0,79.0
District 9,2009,A,112,"Action, Sci-Fi, Thriller",7.9,81.0,Neill Blomkamp,Sharlto Copley,638202,115646235.0,79.0
The Wrestler,2008,UA,109,"Drama, Sport",7.9,80.0,Darren Aronofsky,Mickey Rourke,289415,26236603.0,79.0
Boyhood,2014,A,165,Drama,7.9,100.0,Richard Linklater,Ellar Coltrane,335533,25379975.0,79.0
Star Trek,2009,UA,127,"Action, Adventure, Sci-Fi",7.9,82.0,J.J. Abrams,Chris Pine,577336,257730019.0,79.0
In Bruges,2008,R,107,"Comedy, Crime, Drama",7.9,67.0,Martin McDonagh,Colin Farrell,390334,7757130.0,79.0
Letters from Iwo Jima,2006,UA,141,"Action, Adventure, Drama",7.9,89.0,Clint Eastwood,Ken Watanabe,154011,13756082.0,79.0
The Fall,2006,R,117,"Adventure, Drama, Fantasy",7.9,64.0,Tarsem Singh,Lee Pace,107290,2280348.0,79.0
Life of Pi,2012,U,127,"Adventure, Drama, Fantasy",7.9,79.0,Ang Lee,Suraj Sharma,580708,124987023.0,79.0
Fantastic Mr. Fox,2009,PG,87,"Animation, Adventure, Comedy",7.9,83.0,Wes Anderson,George Clooney,199696,21002919.0,79.0
Les choristes,2004,PG-13,97,"Drama, Music",7.9,56.0,Christophe Barratier,Gérard Jugnot,57430,3635164.0,79.0
Iron Man,2008,UA,126,"Action, Adventure, Sci-Fi",7.9,79.0,Jon Favreau,Robert Downey Jr.,939644,318412101.0,79.0
Shaun of the Dead,2004,UA,99,"Comedy, Horror",7.9,76.0,Edgar Wright,Simon Pegg,512249,13542874.0,79.0
Gegen die Wand,2004,R,121,"Drama, Romance",7.9,78.0,Fatih Akin,Birol Ünel,51325,23457439.5,79.0
Mystic River,2003,A,138,"Crime, Drama, Mystery",7.9,84.0,Clint Eastwood,Sean Penn,419420,90135191.0,79.0
Harry Potter and the Prisoner of Azkaban,2004,U,142,"Adventure, Family, Fantasy",7.9,82.0,Alfonso Cuarón,Daniel Radcliffe,552493,249358727.0,79.0
Ying xiong,2002,PG-13,120,"Action, Adventure, History",7.9,85.0,Yimou Zhang,Jet Li,173999,53710019.0,79.0
Hable con ella,2002,R,112,"Drama, Mystery, Romance",7.9,86.0,Pedro Almodóvar,Rosario Flores,104691,9284265.0,79.0
No Man's Land,2001,R,98,"Comedy, Drama, War",7.9,84.0,Danis Tanovic,Branko Djuric,44618,1059830.0,79.0
Cowboy Bebop: Tengoku no tobira,2001,U,115,"Animation, Action, Crime",7.9,61.0,Shin'ichirô Watanabe,Tensai Okamura,42897,1000045.0,79.0
The Bourne Identity,2002,UA,119,"Action, Mystery, Thriller",7.9,68.0,Doug Liman,Franka Potente,508771,121661683.0,79.0
Nueve reinas,2000,R,114,"Crime, Drama, Thriller",7.9,80.0,Fabián Bielinsky,Ricardo Darín,49721,1221261.0,79.0
Children of Men,2006,A,109,"Adventure, Drama, Sci-Fi",7.9,84.0,Alfonso Cuarón,Julianne Moore,465113,35552383.0,79.0
Almost Famous,2000,A,122,"Adventure, Comedy, Drama",7.9,90.0,Cameron Crowe,Billy Crudup,252586,32534850.0,79.0
Mulholland Dr.,2001,R,147,"Drama, Mystery, Thriller",7.9,85.0,David Lynch,Naomi Watts,322031,7220243.0,79.0
Toy Story 2,1999,U,92,"Animation, Adventure, Comedy",7.9,88.0,John Lasseter,Ash Brannon,527512,245852179.0,79.0
Boogie Nights,1997,R,155,Drama,7.9,85.0,Paul Thomas Anderson,Mark Wahlberg,239473,26400640.0,79.0
Mimi wo sumaseba,1995,U,111,"Animation, Drama, Family",7.9,75.0,Yoshifumi Kondô,Yoko Honna,51943,23457439.5,79.0
Once Were Warriors,1994,A,102,"Crime, Drama",7.9,77.0,Lee Tamahori,Rena Owen,31590,2201126.0,79.0
True Romance,1993,R,119,"Crime, Drama, Romance",7.9,59.0,Tony Scott,Christian Slater,206918,12281500.0,79.0
Trois couleurs: Bleu,1993,U,94,"Drama, Music, Mystery",7.9,85.0,Krzysztof Kieslowski,Juliette Binoche,89836,1324974.0,79.0
Carlito's Way,1993,A,144,"Crime, Drama, Thriller",7.9,65.0,Brian De Palma,Al Pacino,201000,36948322.0,79.0
Edward Scissorhands,1990,U,105,"Drama, Fantasy, Romance",7.9,74.0,Tim Burton,Johnny Depp,447368,56362352.0,79.0
My Left Foot: The Story of Christy Brown,1989,U,103,"Biography, Drama",7.9,97.0,Jim Sheridan,Daniel Day-Lewis,68076,14743391.0,79.0
Crimes and Misdemeanors,1989,PG-13,104,"Comedy, Drama",7.9,77.0,Woody Allen,Martin Landau,54670,18254702.0,79.0
The Untouchables,1987,A,119,"Crime, Drama, Thriller",7.9,79.0,Brian De Palma,Kevin Costner,281842,76270454.0,79.0
Hannah and Her Sisters,1986,PG-13,107,"Comedy, Drama",7.9,90.0,Woody Allen,Mia Farrow,67176,40084041.0,79.0
Brazil,1985,U,132,"Drama, Sci-Fi",7.9,84.0,Terry Gilliam,Jonathan Pryce,187567,9929135.0,79.0
This Is Spinal Tap,1984,R,82,"Comedy, Music",7.9,92.0,Rob Reiner,Rob Reiner,128812,188751.0,79.0
A Christmas Story,1983,U,93,"Comedy, Family",7.9,77.0,Bob Clark,Peter Billingsley,132947,20605209.0,79.0
The Blues Brothers,1980,U,133,"Action, Adventure, Comedy",7.9,60.0,John Landis,John Belushi,183182,57229890.0,79.0
Manhattan,1979,R,96,"Comedy, Drama, Romance",7.9,83.0,Woody Allen,Woody Allen,131436,45700000.0,79.0
All That Jazz,1979,A,123,"Drama, Music, Musical",7.9,72.0,Bob Fosse,Roy Scheider,28223,37823676.0,79.0
Dawn of the Dead,1978,A,127,"Action, Adventure, Horror",7.9,71.0,George A. Romero,David Emge,111512,5100000.0,79.0
All the President's Men,1976,U,138,"Biography, Drama, History",7.9,84.0,Alan J. Pakula,Dustin Hoffman,103031,70600000.0,79.0
La montaña sagrada,1973,R,114,"Adventure, Drama, Fantasy",7.9,76.0,Alejandro Jodorowsky,Alejandro Jodorowsky,37183,61001.0,79.0
Le charme discret de la bourgeoisie,1972,PG,102,Comedy,7.9,93.0,Luis Buñuel,Fernando Rey,38737,198809.0,79.0
Harold and Maude,1971,PG,91,"Comedy, Drama, Romance",7.9,62.0,Hal Ashby,Ruth Gordon,70826,23457439.5,79.0
Patton,1970,U,172,"Biography, Drama, War",7.9,91.0,Franklin J. Schaffner,George C. Scott,93741,61700000.0,79.0
The Wild Bunch,1969,A,145,"Action, Adventure, Western",7.9,97.0,Sam Peckinpah,William Holden,77401,12064472.0,79.0
In the Heat of the Night,1967,U,110,"Crime, Drama, Mystery",7.9,75.0,Norman Jewison,Sidney Poitier,67804,24379978.0,79.0
Charade,1963,U,113,"Comedy, Mystery, Romance",7.9,83.0,Stanley Donen,Cary Grant,68689,13474588.0,79.0
The Manchurian Candidate,1962,PG-13,126,"Drama, Thriller",7.9,94.0,John Frankenheimer,Frank Sinatra,71122,23457439.5,79.0
Spartacus,1960,A,197,"Adventure, Biography, Drama",7.9,87.0,Stanley Kubrick,Kirk Douglas,124339,30000000.0,79.0
The Searchers,1956,Passed,119,"Adventure, Drama, Western",7.9,94.0,John Ford,John Wayne,80316,23457439.5,79.0
East of Eden,1955,U,118,Drama,7.9,72.0,Elia Kazan,James Dean,40313,23457439.5,79.0
High Noon,1952,PG,85,"Drama, Thriller, Western",7.9,89.0,Fred Zinnemann,Gary Cooper,97222,9450000.0,79.0
Strangers on a Train,1951,A,101,"Crime, Film-Noir, Thriller",7.9,88.0,Alfred Hitchcock,Farley Granger,123341,7630000.0,79.0
Notorious,1946,U,102,"Drama, Film-Noir, Romance",7.9,100.0,Alfred Hitchcock,Cary Grant,92306,10464000.0,79.0
The Adventures of Robin Hood,1938,PG,102,"Action, Adventure, Romance",7.9,97.0,Michael Curtiz,William Keighley,47175,3981000.0,79.0
King Kong,1933,Passed,100,"Adventure, Horror, Sci-Fi",7.9,90.0,Merian C. Cooper,Ernest B. Schoedsack,78991,10000000.0,79.0
The Gentlemen,2019,A,113,"Action, Comedy, Crime",7.8,51.0,Guy Ritchie,Matthew McConaughey,237392,23457439.5,78.0
Sound of Metal,2019,R,120,"Drama, Music",7.8,81.0,Darius Marder,Riz Ahmed,27187,23457439.5,78.0
Forushande,2016,UA,124,Drama,7.8,85.0,Asghar Farhadi,Shahab Hosseini,51240,2402067.0,78.0
Dunkirk,2017,UA,106,"Action, Drama, History",7.8,94.0,Christopher Nolan,Fionn Whitehead,555092,188373161.0,78.0
Hidden Figures,2016,UA,127,"Biography, Drama, History",7.8,74.0,Theodore Melfi,Taraji P. Henson,200876,169607287.0,78.0
Paddington 2,2017,U,103,"Adventure, Comedy, Family",7.8,88.0,Paul King,Ben Whishaw,61594,40442052.0,78.0
Kubo and the Two Strings,2016,PG,101,"Animation, Action, Adventure",7.8,84.0,Travis Knight,Charlize Theron,118035,48023088.0,78.0
Manchester by the Sea,2016,UA,137,Drama,7.8,96.0,Kenneth Lonergan,Casey Affleck,246963,47695120.0,78.0
Under sandet,2015,R,100,"Drama, History, War",7.8,75.0,Martin Zandvliet,Roland Møller,35539,435266.0,78.0
Rogue One,2016,UA,133,"Action, Adventure, Sci-Fi",7.8,65.0,Gareth Edwards,Felicity Jones,556608,532177324.0,78.0
Captain America: Civil War,2016,UA,147,"Action, Adventure, Sci-Fi",7.8,75.0,Anthony Russo,Joe Russo,663649,408084349.0,78.0
The Hateful Eight,2015,A,168,"Crime, Drama, Mystery",7.8,68.0,Quentin Tarantino,Samuel L. Jackson,517059,54117416.0,78.0
Little Women,2019,U,135,"Drama, Romance",7.8,91.0,Greta Gerwig,Saoirse Ronan,143250,108101214.0,78.0
Loving Vincent,2017,UA,94,"Animation, Biography, Crime",7.8,62.0,Dorota Kobiela,Hugh Welchman,50778,6735118.0,78.0
Pride,2014,R,119,"Biography, Comedy, Drama",7.8,79.0,Matthew Warchus,Bill Nighy,51841,23457439.5,78.0
Le passé,2013,PG-13,130,"Drama, Mystery",7.8,85.0,Asghar Farhadi,Bérénice Bejo,45002,1330596.0,78.0
The Lunchbox,2013,U,104,"Drama, Romance",7.8,76.0,Ritesh Batra,Irrfan Khan,50523,4231500.0,78.0
Big Hero 6,2014,U,102,"Animation, Action, Adventure",7.8,74.0,Don Hall,Chris Williams,410983,222527828.0,78.0
About Time,2013,R,123,"Comedy, Drama, Fantasy",7.8,55.0,Richard Curtis,Domhnall Gleeson,303032,15322921.0,78.0
Kaze tachinu,2013,PG-13,126,"Animation, Biography, Drama",7.8,83.0,Hayao Miyazaki,Hideaki Anno,73690,5209580.0,78.0
Toy Story 4,2019,U,100,"Animation, Adventure, Comedy",7.8,84.0,Josh Cooley,Tom Hanks,203177,434038008.0,78.0
La migliore offerta,2013,R,131,"Crime, Drama, Mystery",7.8,49.0,Giuseppe Tornatore,Geoffrey Rush,108399,85433.0,78.0
Moonrise Kingdom,2012,A,94,"Comedy, Drama, Romance",7.8,84.0,Wes Anderson,Jared Gilman,318789,45512466.0,78.0
How to Train Your Dragon 2,2014,U,102,"Animation, Action, Adventure",7.8,76.0,Dean DeBlois,Jay Baruchel,305611,177002924.0,78.0
The Big Short,2015,A,130,"Biography, Comedy, Drama",7.8,81.0,Adam McKay,Christian Bale,362942,70259870.0,78.0
The Girl with the Dragon Tattoo,2011,R,158,"Crime, Drama, Mystery",7.8,71.0,David Fincher,Daniel Craig,423010,102515793.0,78.0
Captain Phillips,2013,UA,134,"Adventure, Biography, Crime",7.8,82.0,Paul Greengrass,Tom Hanks,421244,107100855.0,78.0
Straight Outta Compton,2015,R,147,"Biography, Drama, History",7.8,72.0,F. Gary Gray,O'Shea Jackson Jr.,179264,161197785.0,78.0
Madeo,2009,R,129,"Crime, Drama, Mystery",7.8,79.0,Bong Joon Ho,Hye-ja Kim,52758,547292.0,78.0
The Hobbit: The Desolation of Smaug,2013,UA,161,"Adventure, Fantasy",7.8,66.0,Peter Jackson,Ian McKellen,601408,258366855.0,78.0
Das weiße Band - Eine deutsche Kindergeschichte,2009,UA,144,"Drama, History, Mystery",7.8,82.0,Michael Haneke,Christian Friedel,68715,2222647.0,78.0
Män som hatar kvinnor,2009,R,152,"Crime, Drama, Mystery",7.8,76.0,Niels Arden Oplev,Michael Nyqvist,208994,10095170.0,78.0
The Trial of the Chicago 7,2020,R,129,"Drama, History, Thriller",7.8,77.0,Aaron Sorkin,Eddie Redmayne,89896,23457439.5,78.0
The Fighter,2010,UA,116,"Biography, Drama, Sport",7.8,79.0,David O. Russell,Mark Wahlberg,340584,93617009.0,78.0
Taken,2008,A,90,"Action, Thriller",7.8,51.0,Pierre Morel,Liam Neeson,564791,145000989.0,78.0
The Boy in the Striped Pyjamas,2008,PG-13,94,"Drama, History, War",7.8,55.0,Mark Herman,Asa Butterfield,190748,9030581.0,78.0
Once,2007,R,86,"Drama, Music, Romance",7.8,88.0,John Carney,Glen Hansard,110656,9439923.0,78.0
The Hobbit: An Unexpected Journey,2012,UA,169,"Adventure, Fantasy",7.8,58.0,Peter Jackson,Martin Freeman,757377,303003568.0,78.0
Atonement,2007,R,123,"Drama, Mystery, Romance",7.8,85.0,Joe Wright,Keira Knightley,251370,50927067.0,78.0
Drive,2011,A,100,"Crime, Drama",7.8,78.0,Nicolas Winding Refn,Ryan Gosling,571571,35061555.0,78.0
American Gangster,2007,A,157,"Biography, Crime, Drama",7.8,76.0,Ridley Scott,Denzel Washington,392449,130164645.0,78.0
Avatar,2009,UA,162,"Action, Adventure, Fantasy",7.8,83.0,James Cameron,Sam Worthington,1118998,760507625.0,78.0
Mr. Nobody,2009,R,141,"Drama, Fantasy, Romance",7.8,63.0,Jaco Van Dormael,Jared Leto,216421,3600.0,78.0
Apocalypto,2006,A,139,"Action, Adventure, Drama",7.8,68.0,Mel Gibson,Gerardo Taracena,291018,50866635.0,78.0
Little Miss Sunshine,2006,UA,101,"Comedy, Drama",7.8,80.0,Jonathan Dayton,Valerie Faris,439856,59891098.0,78.0
Hot Fuzz,2007,UA,121,"Action, Comedy, Mystery",7.8,81.0,Edgar Wright,Simon Pegg,463466,23637265.0,78.0
The Curious Case of Benjamin Button,2008,UA,166,"Drama, Fantasy, Romance",7.8,70.0,David Fincher,Brad Pitt,589160,127509326.0,78.0
Veer-Zaara,2004,U,192,"Drama, Family, Musical",7.8,67.0,Yash Chopra,Shah Rukh Khan,49050,2921738.0,78.0
Adams æbler,2005,R,94,"Comedy, Crime, Drama",7.8,51.0,Anders Thomas Jensen,Ulrich Thomsen,45717,1305.0,78.0
Pride & Prejudice,2005,PG,129,"Drama, Romance",7.8,82.0,Joe Wright,Keira Knightley,258924,38405088.0,78.0
The World's Fastest Indian,2005,U,127,"Biography, Drama, Sport",7.8,68.0,Roger Donaldson,Anthony Hopkins,51980,5128124.0,78.0
Tôkyô goddofâzâzu,2003,UA,90,"Animation, Adventure, Comedy",7.8,73.0,Satoshi Kon,Shôgo Furuya,31658,128985.0,78.0
Serenity,2005,PG-13,119,"Action, Adventure, Sci-Fi",7.8,74.0,Joss Whedon,Nathan Fillion,283310,25514517.0,78.0
Walk the Line,2005,PG-13,136,"Biography, Drama, Music",7.8,72.0,James Mangold,Joaquin Phoenix,234207,119519402.0,78.0
The Notebook,2004,A,123,"Drama, Romance",7.8,53.0,Nick Cassavetes,Gena Rowlands,520284,81001787.0,78.0
Diarios de motocicleta,2004,U,126,"Adventure, Biography, Drama",7.8,75.0,Walter Salles,Gael García Bernal,96703,16756372.0,78.0
Lilja 4-ever,2002,R,109,"Crime, Drama",7.8,82.0,Lukas Moodysson,Oksana Akinshina,42673,181655.0,78.0
Les triplettes de Belleville,2003,PG-13,80,"Animation, Comedy, Drama",7.8,91.0,Sylvain Chomet,Michèle Caucheteux,50622,7002255.0,78.0
The Count of Monte Cristo,2002,PG-13,131,"Action, Adventure, Drama",7.8,61.0,Kevin Reynolds,Jim Caviezel,129022,54234062.0,78.0
Waking Life,2001,R,99,"Animation, Drama, Fantasy",7.8,83.0,Richard Linklater,Ethan Hawke,60684,2892011.0,78.0
Remember the Titans,2000,U,113,"Biography, Drama, Sport",7.8,48.0,Boaz Yakin,Denzel Washington,198089,115654751.0,78.0
Wo hu cang long,2000,UA,120,"Action, Adventure, Fantasy",7.8,94.0,Ang Lee,Yun-Fat Chow,253228,128078872.0,78.0
Todo sobre mi madre,1999,R,101,Drama,7.8,87.0,Pedro Almodóvar,Cecilia Roth,89058,8264530.0,78.0
Cast Away,2000,UA,143,"Adventure, Drama, Romance",7.8,73.0,Robert Zemeckis,Tom Hanks,524235,233632142.0,78.0
The Boondock Saints,1999,R,108,"Action, Crime, Thriller",7.8,44.0,Troy Duffy,Willem Dafoe,227143,25812.0,78.0
The Insider,1999,UA,157,"Biography, Drama, Thriller",7.8,84.0,Michael Mann,Russell Crowe,159886,28965197.0,78.0
October Sky,1999,PG,108,"Biography, Drama, Family",7.8,71.0,Joe Johnston,Jake Gyllenhaal,82855,32481825.0,78.0
Shrek,2001,U,90,"Animation, Adventure, Comedy",7.8,84.0,Andrew Adamson,Vicky Jenson,613941,267665011.0,78.0
Titanic,1997,UA,194,"Drama, Romance",7.8,75.0,James Cameron,Leonardo DiCaprio,1046089,659325379.0,78.0
Gattaca,1997,UA,106,"Drama, Sci-Fi, Thriller",7.8,64.0,Andrew Niccol,Ethan Hawke,280845,12339633.0,78.0
The Game,1997,UA,129,"Action, Drama, Mystery",7.8,61.0,David Fincher,Michael Douglas,345096,48323648.0,78.0
Breaking the Waves,1996,R,159,Drama,7.8,76.0,Lars von Trier,Emily Watson,62428,4040691.0,78.0
Ed Wood,1994,U,127,"Biography, Comedy, Drama",7.8,70.0,Tim Burton,Johnny Depp,164937,5887457.0,78.0
What's Eating Gilbert Grape,1993,U,118,Drama,7.8,73.0,Lasse Hallström,Johnny Depp,215034,9170214.0,78.0
Tombstone,1993,R,130,"Action, Biography, Drama",7.8,50.0,George P. Cosmatos,Kevin Jarre,126871,56505065.0,78.0
The Sandlot,1993,U,101,"Comedy, Drama, Family",7.8,55.0,David Mickey Evans,Tom Guiry,78963,32416586.0,78.0
The Remains of the Day,1993,U,134,"Drama, Romance",7.8,84.0,James Ivory,Anthony Hopkins,66065,22954968.0,78.0
The Fugitive,1993,U,130,"Action, Crime, Drama",7.8,87.0,Andrew Davis,Harrison Ford,267684,183875760.0,78.0
A Bronx Tale,1993,R,121,"Crime, Drama, Romance",7.8,80.0,Robert De Niro,Robert De Niro,128171,17266971.0,78.0
Night on Earth,1991,R,129,"Comedy, Drama",7.8,68.0,Jim Jarmusch,Winona Ryder,55362,2015810.0,78.0
La double vie de Véronique,1991,R,98,"Drama, Fantasy, Music",7.8,86.0,Krzysztof Kieslowski,Irène Jacob,42376,1999955.0,78.0
Boyz n the Hood,1991,A,112,"Crime, Drama",7.8,76.0,John Singleton,Cuba Gooding Jr.,126082,57504069.0,78.0
Misery,1990,R,107,"Drama, Thriller",7.8,75.0,Rob Reiner,James Caan,184740,61276872.0,78.0
Awakenings,1990,U,121,"Biography, Drama",7.8,74.0,Penny Marshall,Robert De Niro,125276,52096475.0,78.0
Majo no takkyûbin,1989,U,103,"Animation, Adventure, Drama",7.8,83.0,Hayao Miyazaki,Kirsten Dunst,124193,23457439.5,78.0
Glory,1989,R,122,"Biography, Drama, History",7.8,78.0,Edward Zwick,Matthew Broderick,122779,26830000.0,78.0
Dip huet seung hung,1989,R,111,"Action, Crime, Drama",7.8,82.0,John Woo,Yun-Fat Chow,45624,23457439.5,78.0
Back to the Future Part II,1989,U,108,"Adventure, Comedy, Sci-Fi",7.8,57.0,Robert Zemeckis,Michael J. Fox,481918,118500000.0,78.0
Mississippi Burning,1988,A,128,"Crime, Drama, History",7.8,65.0,Alan Parker,Gene Hackman,88214,34603943.0,78.0
Predator,1987,A,107,"Action, Adventure, Sci-Fi",7.8,45.0,John McTiernan,Arnold Schwarzenegger,371387,59735548.0,78.0
Evil Dead II,1987,A,84,"Action, Comedy, Fantasy",7.8,72.0,Sam Raimi,Bruce Campbell,148359,5923044.0,78.0
Ferris Bueller's Day Off,1986,U,103,Comedy,7.8,61.0,John Hughes,Matthew Broderick,321382,70136369.0,78.0
Down by Law,1986,R,107,"Comedy, Crime, Drama",7.8,75.0,Jim Jarmusch,Tom Waits,47834,1436000.0,78.0
The Goonies,1985,U,114,"Adventure, Comedy, Family",7.8,62.0,Richard Donner,Sean Astin,244430,61503218.0,78.0
The Color Purple,1985,U,154,Drama,7.8,78.0,Steven Spielberg,Danny Glover,78321,98467863.0,78.0
The Breakfast Club,1985,UA,97,"Comedy, Drama",7.8,66.0,John Hughes,Emilio Estevez,357026,45875171.0,78.0
The Killing Fields,1984,UA,141,"Biography, Drama, History",7.8,76.0,Roland Joffé,Sam Waterston,51585,34700291.0,78.0
Ghostbusters,1984,UA,105,"Action, Comedy, Fantasy",7.8,71.0,Ivan Reitman,Bill Murray,355413,238632124.0,78.0
The Right Stuff,1983,PG,193,"Adventure, Biography, Drama",7.8,91.0,Philip Kaufman,Sam Shepard,56235,21500000.0,78.0
The King of Comedy,1982,U,109,"Comedy, Crime, Drama",7.8,73.0,Martin Scorsese,Robert De Niro,88511,2500000.0,78.0
E.T. the Extra-Terrestrial,1982,U,115,"Family, Sci-Fi",7.8,91.0,Steven Spielberg,Henry Thomas,372490,435110554.0,78.0
Kramer vs. Kramer,1979,A,105,Drama,7.8,77.0,Robert Benton,Dustin Hoffman,133351,106260000.0,78.0
Days of Heaven,1978,PG,94,"Drama, Romance",7.8,93.0,Terrence Malick,Richard Gere,52852,23457439.5,78.0
The Outlaw Josey Wales,1976,A,135,Western,7.8,69.0,Clint Eastwood,Clint Eastwood,65659,31800000.0,78.0
The Man Who Would Be King,1975,PG,129,"Adventure, History, War",7.8,91.0,John Huston,Sean Connery,44917,23457439.5,78.0
The Conversation,1974,U,113,"Drama, Mystery, Thriller",7.8,85.0,Francis Ford Coppola,Gene Hackman,98611,4420000.0,78.0
La planète sauvage,1973,U,72,"Animation, Sci-Fi",7.8,73.0,René Laloux,Barry Bostwick,25229,193817.0,78.0
The Day of the Jackal,1973,A,143,"Crime, Drama, Thriller",7.8,80.0,Fred Zinnemann,Edward Fox,37445,16056255.0,78.0
Badlands,1973,PG,94,"Action, Crime, Drama",7.8,93.0,Terrence Malick,Martin Sheen,66009,23457439.5,78.0
Cabaret,1972,A,124,"Drama, Music, Musical",7.8,80.0,Bob Fosse,Liza Minnelli,48334,42765000.0,78.0
Willy Wonka & the Chocolate Factory,1971,U,100,"Family, Fantasy, Musical",7.8,67.0,Mel Stuart,Gene Wilder,178731,4000000.0,78.0
Midnight Cowboy,1969,A,113,Drama,7.8,79.0,John Schlesinger,Dustin Hoffman,101124,44785053.0,78.0
Bonnie and Clyde,1967,A,111,"Action, Biography, Crime",7.8,86.0,Arthur Penn,Warren Beatty,102415,23457439.5,78.0
My Fair Lady,1964,U,170,"Drama, Family, Musical",7.8,95.0,George Cukor,Audrey Hepburn,86525,72000000.0,78.0
Mary Poppins,1964,U,139,"Comedy, Family, Fantasy",7.8,88.0,Robert Stevenson,Julie Andrews,158029,102272727.0,78.0
The Longest Day,1962,G,178,"Action, Drama, History",7.8,75.0,Ken Annakin,Andrew Marton,52141,39100000.0,78.0
The Innocents,1961,A,100,Horror,7.8,88.0,Jack Clayton,Deborah Kerr,27007,2616000.0,78.0
Shadow of a Doubt,1943,PG,108,"Film-Noir, Thriller",7.8,94.0,Alfred Hitchcock,Teresa Wright,59556,23457439.5,78.0
Stagecoach,1939,Passed,96,"Adventure, Drama, Western",7.8,93.0,John Ford,John Wayne,43621,23457439.5,78.0
Bringing Up Baby,1938,Passed,102,"Comedy, Family, Romance",7.8,91.0,Howard Hawks,Katharine Hepburn,55163,23457439.5,78.0
Scarface: The Shame of the Nation,1932,PG,93,"Action, Crime, Drama",7.8,87.0,Howard Hawks,Richard Rosson,25312,23457439.5,78.0
Frankenstein,1931,Passed,70,"Drama, Horror, Sci-Fi",7.8,91.0,James Whale,Colin Clive,65341,23457439.5,78.0
Roma,2018,R,135,Drama,7.7,96.0,Alfonso Cuarón,Yalitza Aparicio,140375,23457439.5,77.0
Deadpool 2,2018,R,119,"Action, Adventure, Comedy",7.7,66.0,David Leitch,Ryan Reynolds,478586,324591735.0,77.0
Wind River,2017,R,107,"Crime, Drama, Mystery",7.7,73.0,Taylor Sheridan,Kelsey Asbille,205444,33800859.0,77.0
Get Out,2017,R,104,"Horror, Mystery, Thriller",7.7,85.0,Jordan Peele,Daniel Kaluuya,492851,176040665.0,77.0
Mission: Impossible - Fallout,2018,UA,147,"Action, Adventure, Thriller",7.7,86.0,Christopher McQuarrie,Tom Cruise,291257,220159104.0,77.0
En man som heter Ove,2015,PG-13,116,"Comedy, Drama, Romance",7.7,70.0,Hannes Holm,Rolf Lassgård,47444,3358518.0,77.0
What We Do in the Shadows,2014,R,86,"Comedy, Horror",7.7,76.0,Jemaine Clement,Taika Waititi,157498,3333000.0,77.0
Omoide no Mânî,2014,U,103,"Animation, Drama, Family",7.7,72.0,James Simone,Hiromasa Yonebayashi,32798,765127.0,77.0
The Theory of Everything,2014,U,123,"Biography, Drama, Romance",7.7,72.0,James Marsh,Eddie Redmayne,404182,35893537.0,77.0
Kingsman: The Secret Service,2014,A,129,"Action, Adventure, Comedy",7.7,60.0,Matthew Vaughn,Colin Firth,590440,128261724.0,77.0
The Fault in Our Stars,2014,UA,126,"Drama, Romance",7.7,69.0,Josh Boone,Shailene Woodley,344312,124872350.0,77.0
Me and Earl and the Dying Girl,2015,PG-13,105,"Comedy, Drama",7.7,74.0,Alfonso Gomez-Rejon,Thomas Mann,123210,6743776.0,77.0
Birdman or (The Unexpected Virtue of Ignorance),2014,A,119,"Comedy, Drama",7.7,87.0,Alejandro G. Iñárritu,Michael Keaton,580291,42340598.0,77.0
La vie d'Adèle,2013,A,180,"Drama, Romance",7.7,89.0,Abdellatif Kechiche,Léa Seydoux,138741,2199675.0,77.0
Kai po che!,2013,U,130,"Drama, Sport",7.7,40.0,Abhishek Kapoor,Amit Sadh,32628,1122527.0,77.0
Captain America: The Winter Soldier,2014,UA,136,"Action, Adventure, Sci-Fi",7.7,70.0,Anthony Russo,Joe Russo,736182,259766572.0,77.0
Nebraska,2013,UA,115,"Adventure, Comedy, Drama",7.7,87.0,Alexander Payne,Bruce Dern,112298,17654912.0,77.0
Wreck-It Ralph,2012,U,101,"Animation, Adventure, Comedy",7.7,72.0,Rich Moore,John C. Reilly,380195,189422889.0,77.0
Le Petit Prince,2015,PG,108,"Animation, Adventure, Drama",7.7,70.0,Mark Osborne,Jeff Bridges,56720,1339152.0,77.0
Midnight in Paris,2011,PG-13,96,"Comedy, Fantasy, Romance",7.7,81.0,Woody Allen,Owen Wilson,388089,56816662.0,77.0
The Lego Movie,2014,U,100,"Animation, Action, Adventure",7.7,83.0,Christopher Miller,Phil Lord,323982,257760692.0,77.0
Gravity,2013,UA,91,"Drama, Sci-Fi, Thriller",7.7,96.0,Alfonso Cuarón,Sandra Bullock,769145,274092705.0,77.0
Star Trek Into Darkness,2013,UA,132,"Action, Adventure, Sci-Fi",7.7,72.0,J.J. Abrams,Chris Pine,463188,228778661.0,77.0
The Social Network,2010,UA,120,"Biography, Drama",7.7,95.0,David Fincher,Jesse Eisenberg,624982,96962694.0,77.0
X: First Class,2011,UA,131,"Action, Adventure, Sci-Fi",7.7,65.0,Matthew Vaughn,James McAvoy,645512,146408305.0,77.0
The Hangover,2009,UA,100,Comedy,7.7,73.0,Todd Phillips,Zach Galifianakis,717559,277322503.0,77.0
Skyfall,2012,UA,143,"Action, Adventure, Thriller",7.7,81.0,Sam Mendes,Daniel Craig,630614,304360277.0,77.0
Silver Linings Playbook,2012,A,122,"Comedy, Drama, Romance",7.7,81.0,David O. Russell,Bradley Cooper,661871,132092958.0,77.0
Argo,2012,A,120,"Biography, Drama, Thriller",7.7,86.0,Ben Affleck,Ben Affleck,572581,136025503.0,77.0
(500) Days of Summer,2009,UA,95,"Comedy, Drama, Romance",7.7,76.0,Marc Webb,Zooey Deschanel,472242,32391374.0,77.0
Harry Potter and the Deathly Hallows: Part 1,2010,A,146,"Adventure, Family, Fantasy",7.7,65.0,David Yates,Daniel Radcliffe,479120,295983305.0,77.0
Gake no ue no Ponyo,2008,U,101,"Animation, Adventure, Comedy",7.7,86.0,Hayao Miyazaki,Cate Blanchett,125317,15090400.0,77.0
Frost/Nixon,2008,R,122,"Biography, Drama, History",7.7,80.0,Ron Howard,Frank Langella,103330,18593156.0,77.0
Papurika,2006,U,90,"Animation, Drama, Fantasy",7.7,81.0,Satoshi Kon,Megumi Hayashibara,71379,881302.0,77.0
Changeling,2008,R,141,"Biography, Crime, Drama",7.7,63.0,Clint Eastwood,Angelina Jolie,239203,35739802.0,77.0
Flipped,2010,PG,90,"Comedy, Drama, Romance",7.7,45.0,Rob Reiner,Madeline Carroll,81446,1752214.0,77.0
Ex Machina,2014,UA,108,"Drama, Sci-Fi, Thriller",7.7,78.0,Alex Garland,Alicia Vikander,474141,25442958.0,77.0
Efter brylluppet,2006,R,120,Drama,7.7,78.0,Susanne Bier,Mads Mikkelsen,32001,412544.0,77.0
The Last King of Scotland,2006,R,123,"Biography, Drama, History",7.7,74.0,Kevin Macdonald,James McAvoy,175355,17605861.0,77.0
Zodiac,2007,UA,157,"Crime, Drama, Mystery",7.7,78.0,David Fincher,Jake Gyllenhaal,466080,33080084.0,77.0
Lucky Number Slevin,2006,R,110,"Action, Crime, Drama",7.7,53.0,Paul McGuigan,Josh Hartnett,299524,22494487.0,77.0
Joyeux Noël,2005,PG-13,116,"Drama, History, Music",7.7,70.0,Christian Carion,Diane Kruger,28003,1054361.0,77.0
Control,2007,R,122,"Biography, Drama, Music",7.7,78.0,Anton Corbijn,Sam Riley,61609,871577.0,77.0
Tangled,2010,U,100,"Animation, Adventure, Comedy",7.7,71.0,Nathan Greno,Byron Howard,405922,200821936.0,77.0
Zwartboek,2006,R,145,"Drama, Thriller, War",7.7,71.0,Paul Verhoeven,Carice van Houten,72643,4398392.0,77.0
Brokeback Mountain,2005,A,134,"Drama, Romance",7.7,87.0,Ang Lee,Jake Gyllenhaal,323103,83043761.0,77.0
3:10 to Yuma,2007,A,122,"Action, Crime, Drama",7.7,76.0,James Mangold,Russell Crowe,288797,53606916.0,77.0
Crash,2004,UA,112,"Crime, Drama, Thriller",7.7,66.0,Paul Haggis,Don Cheadle,419483,54580300.0,77.0
Kung fu,2004,UA,99,"Action, Comedy, Fantasy",7.7,78.0,Stephen Chow,Stephen Chow,127250,17108591.0,77.0
The Bourne Supremacy,2004,A,108,"Action, Mystery, Thriller",7.7,73.0,Paul Greengrass,Matt Damon,434841,176241941.0,77.0
The Machinist,2004,R,101,"Drama, Thriller",7.7,61.0,Brad Anderson,Christian Bale,358432,1082715.0,77.0
Ray,2004,A,152,"Biography, Drama, Music",7.7,73.0,Taylor Hackford,Jamie Foxx,138356,75331600.0,77.0
Lost in Translation,2003,UA,102,"Comedy, Drama",7.7,89.0,Sofia Coppola,Bill Murray,415074,44585453.0,77.0
Harry Potter and the Goblet of Fire,2005,UA,157,"Adventure, Family, Fantasy",7.7,81.0,Mike Newell,Daniel Radcliffe,548619,290013036.0,77.0
Man on Fire,2004,UA,146,"Action, Crime, Drama",7.7,47.0,Tony Scott,Denzel Washington,329592,77911774.0,77.0
Coraline,2009,U,100,"Animation, Drama, Family",7.7,80.0,Henry Selick,Dakota Fanning,197761,75286229.0,77.0
The Last Samurai,2003,UA,154,"Action, Drama",7.7,55.0,Edward Zwick,Tom Cruise,400049,111110575.0,77.0
The Magdalene Sisters,2002,R,114,Drama,7.7,83.0,Peter Mullan,Eileen Walsh,25938,4890878.0,77.0
Good Bye Lenin!,2003,R,121,"Comedy, Drama, Romance",7.7,68.0,Wolfgang Becker,Daniel Brühl,137981,4064200.0,77.0
In America,2002,PG-13,105,Drama,7.7,76.0,Jim Sheridan,Paddy Considine,40403,15539266.0,77.0
I Am Sam,2001,PG-13,132,Drama,7.7,28.0,Jessie Nelson,Sean Penn,142863,40311852.0,77.0
Adaptation.,2002,R,115,"Comedy, Drama",7.7,83.0,Spike Jonze,Nicolas Cage,178565,22245861.0,77.0
Black Hawk Down,2001,A,144,"Drama, History, War",7.7,74.0,Ridley Scott,Josh Hartnett,364254,108638745.0,77.0
Road to Perdition,2002,A,117,"Crime, Drama, Thriller",7.7,72.0,Sam Mendes,Tom Hanks,246840,104454762.0,77.0
Das Experiment,2001,R,120,"Drama, Thriller",7.7,60.0,Oliver Hirschbiegel,Moritz Bleibtreu,90842,141072.0,77.0
Billy Elliot,2000,R,110,"Drama, Music",7.7,74.0,Stephen Daldry,Jamie Bell,126770,21995263.0,77.0
Hedwig and the Angry Inch,2001,R,95,"Comedy, Drama, Music",7.7,85.0,John Cameron Mitchell,John Cameron Mitchell,31957,3029081.0,77.0
Ocean's Eleven,2001,UA,116,"Crime, Thriller",7.7,74.0,Steven Soderbergh,George Clooney,516372,183417150.0,77.0
Vampire Hunter D: Bloodlust,2000,U,103,"Animation, Action, Fantasy",7.7,62.0,Yoshiaki Kawajiri,Andrew Philpot,29210,151086.0,77.0
"O Brother, Where Art Thou?",2000,U,107,"Adventure, Comedy, Crime",7.7,69.0,Joel Coen,Ethan Coen,286742,45512588.0,77.0
"South Park: Bigger, Longer & Uncut",1999,A,81,"Animation, Comedy, Fantasy",7.7,73.0,Trey Parker,Trey Parker,192112,52037603.0,77.0
Office Space,1999,R,89,Comedy,7.7,68.0,Mike Judge,Ron Livingston,241575,10824921.0,77.0
Training Day,2001,A,122,"Crime, Drama, Thriller",7.7,69.0,Antoine Fuqua,Denzel Washington,390247,76631907.0,77.0
Rushmore,1998,UA,93,"Comedy, Drama, Romance",7.7,86.0,Wes Anderson,Jason Schwartzman,169229,17105219.0,77.0
Being John Malkovich,1999,R,113,"Comedy, Drama, Fantasy",7.7,90.0,Spike Jonze,John Cusack,312542,22858926.0,77.0
As Good as It Gets,1997,A,139,"Comedy, Drama, Romance",7.7,67.0,James L. Brooks,Jack Nicholson,275755,148478011.0,77.0
The Fifth Element,1997,UA,126,"Action, Adventure, Sci-Fi",7.7,52.0,Luc Besson,Bruce Willis,434125,63540020.0,77.0
Le dîner de cons,1998,PG-13,80,Comedy,7.7,73.0,Francis Veber,Thierry Lhermitte,37424,4065116.0,77.0
Donnie Brasco,1997,A,127,"Biography, Crime, Drama",7.7,76.0,Mike Newell,Al Pacino,279318,41909762.0,77.0
Shine,1996,U,105,"Biography, Drama, Music",7.7,87.0,Scott Hicks,Geoffrey Rush,51350,35811509.0,77.0
Primal Fear,1996,A,129,"Crime, Drama, Mystery",7.7,47.0,Gregory Hoblit,Richard Gere,189716,56116183.0,77.0
A Little Princess,1995,U,97,"Drama, Family, Fantasy",7.7,83.0,Alfonso Cuarón,Liesel Matthews,32236,10019307.0,77.0
Do lok tin si,1995,UA,99,"Comedy, Crime, Drama",7.7,71.0,Kar-Wai Wong,Leon Lai,26429,23457439.5,77.0
Il postino,1994,U,108,"Biography, Comedy, Drama",7.7,81.0,Michael Radford,Massimo Troisi,33600,21848932.0,77.0
Clerks,1994,R,92,Comedy,7.7,70.0,Kevin Smith,Brian O'Halloran,211450,3151130.0,77.0
Short Cuts,1993,R,188,"Comedy, Drama",7.7,79.0,Robert Altman,Andie MacDowell,42275,6110979.0,77.0
Philadelphia,1993,UA,125,Drama,7.7,66.0,Jonathan Demme,Tom Hanks,224169,77324422.0,77.0
The Muppet Christmas Carol,1992,G,85,"Comedy, Drama, Family",7.7,64.0,Brian Henson,Michael Caine,50298,27281507.0,77.0
Malcolm X,1992,U,202,"Biography, Drama, History",7.7,73.0,Spike Lee,Denzel Washington,85819,48169908.0,77.0
The Last of the Mohicans,1992,UA,112,"Action, Adventure, Drama",7.7,76.0,Michael Mann,Daniel Day-Lewis,150409,75505856.0,77.0
Kurenai no buta,1992,U,94,"Animation, Adventure, Comedy",7.7,83.0,Hayao Miyazaki,Shûichirô Moriyama,77798,23457439.5,77.0
Glengarry Glen Ross,1992,R,100,"Crime, Drama, Mystery",7.7,82.0,James Foley,Al Pacino,95826,10725228.0,77.0
A Few Good Men,1992,U,138,"Drama, Thriller",7.7,62.0,Rob Reiner,Tom Cruise,235388,141340178.0,77.0
Fried Green Tomatoes,1991,PG-13,130,Drama,7.7,64.0,Jon Avnet,Kathy Bates,66941,82418501.0,77.0
Barton Fink,1991,U,116,"Comedy, Drama, Thriller",7.7,69.0,Joel Coen,Ethan Coen,113240,6153939.0,77.0
Miller's Crossing,1990,R,115,"Crime, Drama, Thriller",7.7,66.0,Joel Coen,Ethan Coen,125822,5080409.0,77.0
Who Framed Roger Rabbit,1988,U,104,"Animation, Adventure, Comedy",7.7,83.0,Robert Zemeckis,Bob Hoskins,182009,156452370.0,77.0
Withnail & I,1987,R,107,"Comedy, Drama",7.7,84.0,Bruce Robinson,Richard E. Grant,40396,1544889.0,77.0
The Last Emperor,1987,U,163,"Biography, Drama, History",7.7,76.0,Bernardo Bertolucci,John Lone,94326,43984230.0,77.0
Empire of the Sun,1987,U,153,"Action, Drama, History",7.7,62.0,Steven Spielberg,Christian Bale,115677,22238696.0,77.0
Der Name der Rose,1986,R,130,"Crime, Drama, Mystery",7.7,54.0,Jean-Jacques Annaud,Sean Connery,102031,7153487.0,77.0
Blue Velvet,1986,A,120,"Drama, Mystery, Thriller",7.7,76.0,David Lynch,Isabella Rossellini,181285,8551228.0,77.0
The Purple Rose of Cairo,1985,U,82,"Comedy, Fantasy, Romance",7.7,75.0,Woody Allen,Mia Farrow,47102,10631333.0,77.0
After Hours,1985,UA,97,"Comedy, Crime, Drama",7.7,90.0,Martin Scorsese,Griffin Dunne,59635,10600000.0,77.0
The Verdict,1982,U,129,Drama,7.7,77.0,Sidney Lumet,Paul Newman,36096,54000000.0,77.0
Star Trek II: The Wrath of Khan,1982,U,113,"Action, Adventure, Sci-Fi",7.7,67.0,Nicholas Meyer,William Shatner,112704,78912963.0,77.0
First Blood,1982,A,93,"Action, Adventure",7.7,61.0,Ted Kotcheff,Sylvester Stallone,226541,47212904.0,77.0
Ordinary People,1980,U,124,Drama,7.7,86.0,Robert Redford,Donald Sutherland,47099,54800000.0,77.0
Airplane!,1980,U,88,Comedy,7.7,78.0,Jim Abrahams,David Zucker,214882,83400000.0,77.0
Rupan sansei: Kariosutoro no shiro,1979,U,100,"Animation, Adventure, Family",7.7,71.0,Hayao Miyazaki,Yasuo Yamada,27014,23457439.5,77.0
Halloween,1978,A,91,"Horror, Thriller",7.7,87.0,John Carpenter,Donald Pleasence,233106,47000000.0,77.0
Le locataire,1976,R,126,"Drama, Thriller",7.7,71.0,Roman Polanski,Roman Polanski,39889,1924733.0,77.0
Love and Death,1975,PG,85,"Comedy, War",7.7,89.0,Woody Allen,Woody Allen,36037,23457439.5,77.0
The Taking of Pelham One Two Three,1974,U,104,"Action, Crime, Thriller",7.7,68.0,Joseph Sargent,Walter Matthau,26729,23457439.5,77.0
Blazing Saddles,1974,A,93,"Comedy, Western",7.7,73.0,Mel Brooks,Cleavon Little,125993,119500000.0,77.0
Serpico,1973,A,130,"Biography, Crime, Drama",7.7,87.0,Sidney Lumet,Al Pacino,109941,29800000.0,77.0
Enter the Dragon,1973,A,102,"Action, Crime, Drama",7.7,83.0,Robert Clouse,Bruce Lee,96561,25000000.0,77.0
Deliverance,1972,U,109,"Adventure, Drama, Thriller",7.7,80.0,John Boorman,Jon Voight,98740,7056013.0,77.0
The French Connection,1971,A,104,"Action, Crime, Drama",7.7,94.0,William Friedkin,Gene Hackman,110075,15630710.0,77.0
Dirty Harry,1971,A,102,"Action, Crime, Thriller",7.7,90.0,Don Siegel,Clint Eastwood,143292,35900000.0,77.0
Where Eagles Dare,1968,U,158,"Action, Adventure, War",7.7,63.0,Brian G. Hutton,Richard Burton,51913,23457439.5,77.0
The Odd Couple,1968,G,105,Comedy,7.7,86.0,Gene Saks,Jack Lemmon,31572,44527234.0,77.0
A Man for All Seasons,1966,U,120,"Biography, Drama, History",7.7,72.0,Fred Zinnemann,Paul Scofield,31222,28350000.0,77.0
Zulu,1964,U,138,"Drama, History, War",7.7,77.0,Cy Endfield,Stanley Baker,35999,23457439.5,77.0
Goldfinger,1964,A,110,"Action, Adventure, Thriller",7.7,87.0,Guy Hamilton,Sean Connery,174119,51081062.0,77.0
The Birds,1963,A,119,"Drama, Horror, Mystery",7.7,90.0,Alfred Hitchcock,Rod Taylor,171739,11403529.0,77.0
Cape Fear,1962,Passed,106,"Drama, Thriller",7.7,76.0,J. Lee Thompson,Gregory Peck,26457,23457439.5,77.0
The Magnificent Seven,1960,Approved,128,"Action, Adventure, Western",7.7,74.0,John Sturges,Yul Brynner,87719,4905000.0,77.0
Invasion of the Body Snatchers,1956,Approved,80,"Drama, Horror, Sci-Fi",7.7,92.0,Don Siegel,Kevin McCarthy,44839,23457439.5,77.0
Rebel Without a Cause,1955,PG-13,111,Drama,7.7,89.0,Nicholas Ray,James Dean,83363,23457439.5,77.0
Sabrina,1954,Passed,113,"Comedy, Drama, Romance",7.7,72.0,Billy Wilder,Humphrey Bogart,59415,23457439.5,77.0
The African Queen,1951,PG,105,"Adventure, Drama, Romance",7.7,91.0,John Huston,Humphrey Bogart,71481,536118.0,77.0
Fantasia,1940,G,125,"Animation, Family, Fantasy",7.7,96.0,James Algar,Samuel Armstrong,88662,76408097.0,77.0
The Invisible Man,1933,TV-PG,71,"Horror, Sci-Fi",7.7,87.0,James Whale,Claude Rains,30683,23457439.5,77.0
Dark Waters,2019,PG-13,126,"Biography, Drama, History",7.6,73.0,Todd Haynes,Mark Ruffalo,60408,23457439.5,76.0
Searching,2018,U/A,102,"Drama, Mystery, Thriller",7.6,71.0,Aneesh Chaganty,John Cho,140840,26020957.0,76.0
Once Upon a Time... in Hollywood,2019,A,161,"Comedy, Drama",7.6,83.0,Quentin Tarantino,Leonardo DiCaprio,551309,142502728.0,76.0
Nelyubov,2017,R,127,Drama,7.6,86.0,Andrey Zvyagintsev,Maryana Spivak,29765,566356.0,76.0
The Florida Project,2017,A,111,Drama,7.6,92.0,Sean Baker,Brooklynn Prince,95181,5904366.0,76.0
Just Mercy,2019,A,137,"Biography, Crime, Drama",7.6,68.0,Destin Daniel Cretton,Michael B. Jordan,46739,23457439.5,76.0
Gifted,2017,PG-13,101,Drama,7.6,60.0,Marc Webb,Chris Evans,99643,24801212.0,76.0
The Peanut Butter Falcon,2019,PG-13,97,"Adventure, Comedy, Drama",7.6,70.0,Tyler Nilson,Michael Schwartz,66346,13122642.0,76.0
Mustang,2015,PG-13,97,Drama,7.6,83.0,Deniz Gamze Ergüven,Günes Sensoy,35785,845464.0,76.0
Guardians of the Galaxy Vol. 2,2017,UA,136,"Action, Adventure, Comedy",7.6,67.0,James Gunn,Chris Pratt,569974,389813101.0,76.0
Baby Driver,2017,UA,113,"Action, Crime, Drama",7.6,86.0,Edgar Wright,Ansel Elgort,439406,107825862.0,76.0
Only the Brave,2017,UA,134,"Action, Biography, Drama",7.6,72.0,Joseph Kosinski,Josh Brolin,58371,18340051.0,76.0
Bridge of Spies,2015,UA,142,"Drama, History, Thriller",7.6,81.0,Steven Spielberg,Tom Hanks,287659,72313754.0,76.0
Incredibles 2,2018,UA,118,"Animation, Action, Adventure",7.6,80.0,Brad Bird,Craig T. Nelson,250057,608581744.0,76.0
Moana,2016,U,107,"Animation, Adventure, Comedy",7.6,81.0,Ron Clements,John Musker,272784,248757044.0,76.0
Sicario,2015,A,121,"Action, Crime, Drama",7.6,82.0,Denis Villeneuve,Emily Blunt,371291,46889293.0,76.0
Creed,2015,A,133,"Drama, Sport",7.6,82.0,Ryan Coogler,Michael B. Jordan,247666,109767581.0,76.0
Leviafan,2014,R,140,"Crime, Drama",7.6,92.0,Andrey Zvyagintsev,Aleksey Serebryakov,49397,1092800.0,76.0
Hell or High Water,2016,R,102,"Action, Crime, Drama",7.6,88.0,David Mackenzie,Chris Pine,204175,26862450.0,76.0
Philomena,2013,PG-13,98,"Biography, Comedy, Drama",7.6,77.0,Stephen Frears,Judi Dench,94212,37707719.0,76.0
Dawn of the Planet of the Apes,2014,UA,130,"Action, Adventure, Drama",7.6,79.0,Matt Reeves,Gary Oldman,411599,208545589.0,76.0
Serbuan maut,2011,A,101,"Action, Thriller",7.6,73.0,Gareth Evans,Iko Uwais,190531,4105123.0,76.0
End of Watch,2012,A,109,"Action, Crime, Drama",7.6,68.0,David Ayer,Jake Gyllenhaal,228132,41003371.0,76.0
Kari-gurashi no Arietti,2010,U,94,"Animation, Adventure, Family",7.6,80.0,Hiromasa Yonebayashi,Amy Poehler,80939,19202743.0,76.0
A Star Is Born,2018,UA,136,"Drama, Music, Romance",7.6,88.0,Bradley Cooper,Lady Gaga,334312,215288866.0,76.0
True Grit,2010,PG-13,110,"Drama, Western",7.6,80.0,Ethan Coen,Joel Coen,311822,171243005.0,76.0
Hævnen,2010,R,118,"Drama, Romance",7.6,65.0,Susanne Bier,Mikael Persbrandt,38491,1008098.0,76.0
Despicable Me,2010,U,95,"Animation, Comedy, Crime",7.6,72.0,Pierre Coffin,Chris Renaud,500851,251513985.0,76.0
50/50,2011,R,100,"Comedy, Drama, Romance",7.6,72.0,Jonathan Levine,Joseph Gordon-Levitt,315426,35014192.0,76.0
Kick-Ass,2010,UA,117,"Action, Comedy, Crime",7.6,66.0,Matthew Vaughn,Aaron Taylor-Johnson,524081,48071303.0,76.0
Moneyball,2011,PG-13,133,"Biography, Drama, Sport",7.6,87.0,Bennett Miller,Brad Pitt,369529,75605492.0,76.0
La piel que habito,2011,R,120,"Drama, Horror, Thriller",7.6,70.0,Pedro Almodóvar,Antonio Banderas,138959,3185812.0,76.0
Zombieland,2009,A,88,"Adventure, Comedy, Fantasy",7.6,73.0,Ruben Fleischer,Jesse Eisenberg,520041,75590286.0,76.0
Sherlock Holmes,2009,PG-13,128,"Action, Adventure, Mystery",7.6,57.0,Guy Ritchie,Robert Downey Jr.,583158,209028679.0,76.0
The Blind Side,2009,UA,129,"Biography, Drama, Sport",7.6,53.0,John Lee Hancock,Quinton Aaron,293266,255959475.0,76.0
The Visitor,2007,PG-13,104,Drama,7.6,79.0,Tom McCarthy,Richard Jenkins,41544,9422422.0,76.0
Seven Pounds,2008,UA,123,Drama,7.6,36.0,Gabriele Muccino,Will Smith,286770,69951824.0,76.0
Eastern Promises,2007,R,100,"Action, Crime, Drama",7.6,82.0,David Cronenberg,Naomi Watts,227760,17114882.0,76.0
Stardust,2007,U,127,"Adventure, Family, Fantasy",7.6,66.0,Matthew Vaughn,Charlie Cox,255036,38634938.0,76.0
Inside Man,2006,R,129,"Crime, Drama, Mystery",7.6,76.0,Spike Lee,Denzel Washington,339757,88513495.0,76.0
Gone Baby Gone,2007,R,114,"Crime, Drama, Mystery",7.6,72.0,Ben Affleck,Morgan Freeman,250590,20300218.0,76.0
La Vie En Rose,2007,PG-13,140,"Biography, Drama, Music",7.6,66.0,Olivier Dahan,Marion Cotillard,82781,10301706.0,76.0
Huo Yuan Jia,2006,PG-13,104,"Action, Biography, Drama",7.6,70.0,Ronny Yu,Jet Li,72863,24633730.0,76.0
The Illusionist,2006,U,110,"Drama, Fantasy, Mystery",7.6,68.0,Neil Burger,Edward Norton,354728,39868642.0,76.0
Harry Potter and the Half-Blood Prince,2009,UA,153,"Action, Adventure, Family",7.6,78.0,David Yates,Daniel Radcliffe,474827,301959197.0,76.0
300,2006,A,117,"Action, Drama",7.6,52.0,Zack Snyder,Gerard Butler,732876,210614939.0,76.0
Match Point,2005,R,124,"Drama, Romance, Thriller",7.6,72.0,Woody Allen,Scarlett Johansson,206294,23089926.0,76.0
Watchmen,2009,A,162,"Action, Drama, Mystery",7.6,56.0,Zack Snyder,Jackie Earle Haley,500799,107509799.0,76.0
Lord of War,2005,R,122,"Action, Crime, Drama",7.6,62.0,Andrew Niccol,Nicolas Cage,294140,24149632.0,76.0
Saw,2004,UA,103,"Horror, Mystery, Thriller",7.6,46.0,James Wan,Cary Elwes,379020,56000369.0,76.0
"Synecdoche, New York",2008,R,124,Drama,7.6,67.0,Charlie Kaufman,Philip Seymour Hoffman,83158,3081925.0,76.0
Mysterious Skin,2004,R,105,Drama,7.6,73.0,Gregg Araki,Brady Corbet,65939,697181.0,76.0
Jeux d'enfants,2003,R,93,"Comedy, Drama, Romance",7.6,45.0,Yann Samuell,Guillaume Canet,67360,548707.0,76.0
Un long dimanche de fiançailles,2004,U,133,"Drama, Mystery, Romance",7.6,76.0,Jean-Pierre Jeunet,Audrey Tautou,70925,6167817.0,76.0
The Station Agent,2003,R,89,"Comedy, Drama",7.6,81.0,Tom McCarthy,Peter Dinklage,67370,5739376.0,76.0
21 Grams,2003,UA,124,"Crime, Drama, Thriller",7.6,70.0,Alejandro G. Iñárritu,Sean Penn,224545,16290476.0,76.0
Boksuneun naui geot,2002,R,129,"Crime, Drama, Thriller",7.6,56.0,Chan-wook Park,Kang-ho Song,62659,45289.0,76.0
Finding Neverland,2004,U,106,"Biography, Drama, Family",7.6,67.0,Marc Forster,Johnny Depp,198677,51680613.0,76.0
25th Hour,2002,R,135,Drama,7.6,68.0,Spike Lee,Edward Norton,169708,13060843.0,76.0
The Butterfly Effect,2004,U,113,"Drama, Sci-Fi, Thriller",7.6,30.0,Eric Bress,J. Mackye Gruber,451479,57938693.0,76.0
28 Days Later...,2002,A,113,"Drama, Horror, Sci-Fi",7.6,73.0,Danny Boyle,Cillian Murphy,376853,45064915.0,76.0
The Royal Tenenbaums,2001,A,110,"Comedy, Drama",7.6,76.0,Wes Anderson,Gene Hackman,266842,52364010.0,76.0
Y tu mamá también,2001,A,106,Drama,7.6,88.0,Alfonso Cuarón,Maribel Verdú,115827,13622333.0,76.0
Harry Potter and the Sorcerer's Stone,2001,U,152,"Adventure, Family, Fantasy",7.6,64.0,Chris Columbus,Daniel Radcliffe,658185,317575550.0,76.0
The Others,2001,PG-13,101,"Horror, Mystery, Thriller",7.6,74.0,Alejandro Amenábar,Nicole Kidman,337651,96522687.0,76.0
Blow,2001,R,124,"Biography, Crime, Drama",7.6,52.0,Ted Demme,Johnny Depp,240714,52990775.0,76.0
Enemy at the Gates,2001,A,131,"Drama, History, War",7.6,53.0,Jean-Jacques Annaud,Jude Law,243729,51401758.0,76.0
Minority Report,2002,A,145,"Action, Crime, Mystery",7.6,80.0,Steven Spielberg,Tom Cruise,508417,132072926.0,76.0
The Hurricane,1999,R,146,"Biography, Drama, Sport",7.6,74.0,Norman Jewison,Denzel Washington,91557,50668906.0,76.0
American Psycho,2000,A,101,"Comedy, Crime, Drama",7.6,64.0,Mary Harron,Christian Bale,490062,15070285.0,76.0
Lola rennt,1998,UA,81,"Crime, Drama, Thriller",7.6,77.0,Tom Tykwer,Franka Potente,188317,7267585.0,76.0
The Thin Red Line,1998,A,170,"Drama, War",7.6,78.0,Terrence Malick,Jim Caviezel,172710,36400491.0,76.0
Mulan,1998,U,88,"Animation, Adventure, Family",7.6,71.0,Tony Bancroft,Barry Cook,256906,120620254.0,76.0
Fear and Loathing in Las Vegas,1998,R,118,"Adventure, Comedy, Drama",7.6,41.0,Terry Gilliam,Johnny Depp,259753,10680275.0,76.0
Funny Games,1997,A,108,"Crime, Drama, Thriller",7.6,69.0,Michael Haneke,Susanne Lothar,65058,23457439.5,76.0
Dark City,1998,A,100,"Mystery, Sci-Fi, Thriller",7.6,66.0,Alex Proyas,Rufus Sewell,187927,14378331.0,76.0
Sleepers,1996,UA,147,"Crime, Drama, Thriller",7.6,49.0,Barry Levinson,Robert De Niro,186734,49100000.0,76.0
Lost Highway,1997,A,134,"Mystery, Thriller",7.6,52.0,David Lynch,Bill Pullman,131101,3796699.0,76.0
Sense and Sensibility,1995,U,136,"Drama, Romance",7.6,84.0,Ang Lee,Emma Thompson,102598,43182776.0,76.0
Die Hard: With a Vengeance,1995,A,128,"Action, Adventure, Thriller",7.6,58.0,John McTiernan,Bruce Willis,364420,100012499.0,76.0
Dead Man,1995,R,121,"Adventure, Drama, Fantasy",7.6,62.0,Jim Jarmusch,Johnny Depp,90442,1037847.0,76.0
The Bridges of Madison County,1995,A,135,"Drama, Romance",7.6,69.0,Clint Eastwood,Clint Eastwood,73172,71516617.0,76.0
Trois couleurs: Blanc,1994,U,92,"Comedy, Drama, Romance",7.6,88.0,Krzysztof Kieslowski,Zbigniew Zamachowski,64390,1464625.0,76.0
Falling Down,1993,R,113,"Action, Crime, Drama",7.6,56.0,Joel Schumacher,Michael Douglas,171640,40903593.0,76.0
Dazed and Confused,1993,U,102,Comedy,7.6,78.0,Richard Linklater,Jason London,165465,7993039.0,76.0
My Cousin Vinny,1992,UA,120,"Comedy, Crime",7.6,68.0,Jonathan Lynn,Joe Pesci,107325,52929168.0,76.0
Omohide poro poro,1991,U,118,"Animation, Drama, Romance",7.6,90.0,Isao Takahata,Miki Imai,27071,453243.0,76.0
Delicatessen,1991,R,99,"Comedy, Crime",7.6,66.0,Marc Caro,Jean-Pierre Jeunet,80487,1794187.0,76.0
Home Alone,1990,U,103,"Comedy, Family",7.6,63.0,Chris Columbus,Macaulay Culkin,488817,285761243.0,76.0
The Godfather: Part III,1990,A,162,"Crime, Drama",7.6,60.0,Francis Ford Coppola,Al Pacino,359809,66666062.0,76.0
When Harry Met Sally...,1989,UA,95,"Comedy, Drama, Romance",7.6,76.0,Rob Reiner,Billy Crystal,195663,92823600.0,76.0
The Little Mermaid,1989,U,83,"Animation, Family, Fantasy",7.6,88.0,Ron Clements,John Musker,237696,111543479.0,76.0
The Naked Gun: From the Files of Police Squad!,1988,U,85,"Comedy, Crime",7.6,76.0,David Zucker,Leslie Nielsen,152871,78756177.0,76.0
"Planes, Trains & Automobiles",1987,U,93,"Comedy, Drama",7.6,72.0,John Hughes,Steve Martin,124773,49530280.0,76.0
Lethal Weapon,1987,A,109,"Action, Crime, Thriller",7.6,68.0,Richard Donner,Mel Gibson,236894,65207127.0,76.0
Blood Simple,1984,A,99,"Crime, Drama, Thriller",7.6,82.0,Joel Coen,Ethan Coen,87745,2150000.0,76.0
On Golden Pond,1981,UA,109,Drama,7.6,68.0,Mark Rydell,Katharine Hepburn,27650,119285432.0,76.0
Mad Max 2,1981,A,96,"Action, Adventure, Sci-Fi",7.6,77.0,George Miller,Mel Gibson,166588,12465371.0,76.0
The Warriors,1979,UA,92,"Action, Crime, Thriller",7.6,65.0,Walter Hill,Michael Beck,93878,22490039.0,76.0
The Muppet Movie,1979,U,95,"Adventure, Comedy, Family",7.6,74.0,James Frawley,Jim Henson,32802,76657000.0,76.0
Escape from Alcatraz,1979,A,112,"Action, Biography, Crime",7.6,76.0,Don Siegel,Clint Eastwood,121731,43000000.0,76.0
Watership Down,1978,U,91,"Animation, Adventure, Drama",7.6,64.0,Martin Rosen,John Hubley,33656,23457439.5,76.0
Midnight Express,1978,A,121,"Biography, Crime, Drama",7.6,59.0,Alan Parker,Brad Davis,73662,35000000.0,76.0
Close Encounters of the Third Kind,1977,U,138,"Drama, Sci-Fi",7.6,90.0,Steven Spielberg,Richard Dreyfuss,184966,132088635.0,76.0
The Long Goodbye,1973,A,112,"Comedy, Crime, Drama",7.6,87.0,Robert Altman,Elliott Gould,26337,959000.0,76.0
Giù la testa,1971,PG,157,"Drama, War, Western",7.6,77.0,Sergio Leone,Rod Steiger,30144,696690.0,76.0
Kelly's Heroes,1970,GP,144,"Adventure, Comedy, War",7.6,50.0,Brian G. Hutton,Clint Eastwood,45338,1378435.0,76.0
The Jungle Book,1967,U,78,"Animation, Adventure, Family",7.6,65.0,Wolfgang Reitherman,Phil Harris,166409,141843612.0,76.0
Blowup,1966,A,111,"Drama, Mystery, Thriller",7.6,82.0,Michelangelo Antonioni,David Hemmings,56513,23457439.5,76.0
A Hard Day's Night,1964,U,87,"Comedy, Music, Musical",7.6,96.0,Richard Lester,John Lennon,40351,13780024.0,76.0
Breakfast at Tiffany's,1961,A,115,"Comedy, Drama, Romance",7.6,76.0,Blake Edwards,Audrey Hepburn,166544,23457439.5,76.0
Giant,1956,G,201,"Drama, Western",7.6,84.0,George Stevens,Elizabeth Taylor,34075,23457439.5,76.0
From Here to Eternity,1953,Passed,118,"Drama, Romance, War",7.6,85.0,Fred Zinnemann,Burt Lancaster,43374,30500000.0,76.0
